item1,item2,value1,value2,value3,value4,value5,value6,value7,value8
"112年 1月",連江縣,31,4,25,2,0,0,0,6.45
"112年 1月",金門縣,31,5,23,2,1,0,0,9.68
"112年 1月",嘉義市,31,5,19,5,2,0,0,22.58
"112年 1月",新竹市,31,15,16,0,0,0,0,0
"112年 1月",基隆市,31,15,16,0,0,0,0,0
"112年 1月",澎湖縣,31,14,17,0,0,0,0,0
"112年 1月",花蓮縣,31,29,2,0,0,0,0,0
"112年 1月",臺東縣,31,31,0,0,0,0,0,0
"112年 1月",屏東縣,93,29,44,20,0,0,0,21.51
"112年 1月",嘉義縣,62,11,39,12,0,0,0,19.35
"112年 1月",雲林縣,62,10,38,12,2,0,0,22.58
"112年 1月",南投縣,62,13,39,9,1,0,0,16.13
"112年 1月",彰化縣,62,14,39,8,1,0,0,14.52
"112年 1月",苗栗縣,62,31,31,0,0,0,0,0
"112年 1月",新竹縣,62,33,27,2,0,0,0,3.23
"112年 1月",宜蘭縣,62,48,14,0,0,0,0,0
"112年 1月",高雄市,248,9,180,59,0,0,0,23.79
"112年 1月",臺南市,124,12,91,18,3,0,0,16.94
"112年 1月",臺中市,155,67,82,6,0,0,0,3.87
"112年 1月",桃園市,124,57,64,3,0,0,0,2.42
"112年 1月",臺北市,155,68,87,0,0,0,0,0
"112年 1月",新北市,279,145,134,0,0,0,0,0
"112年 1月",總計,1860,665,1027,158,10,0,0,9.03
"111年 12月",連江縣,31,16,14,1,0,0,0,3.23
"111年 12月",金門縣,31,12,19,0,0,0,0,0
"111年 12月",嘉義市,31,19,12,0,0,0,0,0
"111年 12月",新竹市,31,26,5,0,0,0,0,0
"111年 12月",基隆市,31,25,6,0,0,0,0,0
"111年 12月",澎湖縣,31,25,6,0,0,0,0,0
"111年 12月",花蓮縣,31,31,0,0,0,0,0,0
"111年 12月",臺東縣,31,31,0,0,0,0,0,0
"111年 12月",屏東縣,93,34,49,10,0,0,0,10.75
"111年 12月",嘉義縣,62,40,22,0,0,0,0,0
"111年 12月",雲林縣,62,34,28,0,0,0,0,0
"111年 12月",南投縣,62,37,25,0,0,0,0,0
"111年 12月",彰化縣,62,40,22,0,0,0,0,0
"111年 12月",苗栗縣,62,56,6,0,0,0,0,0
"111年 12月",新竹縣,62,55,7,0,0,0,0,0
"111年 12月",宜蘭縣,62,60,2,0,0,0,0,0
"111年 12月",高雄市,248,39,203,6,0,0,0,2.42
"111年 12月",臺南市,124,57,66,1,0,0,0,0.81
"111年 12月",臺中市,155,127,28,0,0,0,0,0
"111年 12月",桃園市,124,96,28,0,0,0,0,0
"111年 12月",臺北市,155,86,69,0,0,0,0,0
"111年 12月",新北市,279,195,84,0,0,0,0,0
"111年 12月",總計,1860,1141,701,18,0,0,0,0.97
"111年 11月",連江縣,30,20,10,0,0,0,0,0
"111年 11月",金門縣,30,15,15,0,0,0,0,0
"111年 11月",嘉義市,30,8,19,3,0,0,0,10
"111年 11月",新竹市,30,23,7,0,0,0,0,0
"111年 11月",基隆市,30,27,3,0,0,0,0,0
"111年 11月",澎湖縣,30,25,5,0,0,0,0,0
"111年 11月",花蓮縣,30,30,0,0,0,0,0,0
"111年 11月",臺東縣,30,30,0,0,0,0,0,0
"111年 11月",屏東縣,90,35,35,19,1,0,0,22.22
"111年 11月",嘉義縣,60,15,40,5,0,0,0,8.33
"111年 11月",雲林縣,60,12,42,6,0,0,0,10
"111年 11月",南投縣,60,17,36,7,0,0,0,11.67
"111年 11月",彰化縣,60,22,35,3,0,0,0,5
"111年 11月",苗栗縣,60,39,20,1,0,0,0,1.67
"111年 11月",新竹縣,60,50,10,0,0,0,0,0
"111年 11月",宜蘭縣,60,59,1,0,0,0,0,0
"111年 11月",高雄市,240,22,166,52,0,0,0,21.67
"111年 11月",臺南市,120,25,80,15,0,0,0,12.5
"111年 11月",臺中市,150,75,73,2,0,0,0,1.33
"111年 11月",桃園市,120,95,25,0,0,0,0,0
"111年 11月",臺北市,150,119,31,0,0,0,0,0
"111年 11月",新北市,270,240,30,0,0,0,0,0
"111年 11月",總計,1800,1003,683,113,1,0,0,6.33
"111年 10月",連江縣,31,16,14,1,0,0,0,3.23
"111年 10月",金門縣,31,13,18,0,0,0,0,0
"111年 10月",嘉義市,31,9,19,3,0,0,0,9.68
"111年 10月",新竹市,31,27,4,0,0,0,0,0
"111年 10月",基隆市,31,28,3,0,0,0,0,0
"111年 10月",澎湖縣,31,26,5,0,0,0,0,0
"111年 10月",花蓮縣,31,31,0,0,0,0,0,0
"111年 10月",臺東縣,31,31,0,0,0,0,0,0
"111年 10月",屏東縣,93,36,41,14,2,0,0,17.2
"111年 10月",嘉義縣,62,17,42,3,0,0,0,4.84
"111年 10月",雲林縣,62,19,35,8,0,0,0,12.9
"111年 10月",南投縣,62,25,28,9,0,0,0,14.52
"111年 10月",彰化縣,62,38,20,4,0,0,0,6.45
"111年 10月",苗栗縣,62,49,13,0,0,0,0,0
"111年 10月",新竹縣,62,53,6,3,0,0,0,4.84
"111年 10月",宜蘭縣,62,62,0,0,0,0,0,0
"111年 10月",高雄市,248,30,193,25,0,0,0,10.08
"111年 10月",臺南市,124,27,92,5,0,0,0,4.03
"111年 10月",臺中市,155,106,44,5,0,0,0,3.23
"111年 10月",桃園市,124,108,10,6,0,0,0,4.84
"111年 10月",臺北市,155,134,17,4,0,0,0,2.58
"111年 10月",新北市,279,245,23,9,2,0,0,3.94
"111年 10月",總計,1860,1130,627,99,4,0,0,5.54
"111年 9月",連江縣,30,4,13,9,4,0,0,43.33
"111年 9月",金門縣,30,4,9,11,4,2,0,56.67
"111年 9月",嘉義市,30,8,12,10,0,0,0,33.33
"111年 9月",新竹市,30,16,10,4,0,0,0,13.33
"111年 9月",基隆市,30,17,7,6,0,0,0,20
"111年 9月",澎湖縣,30,8,13,6,3,0,0,30
"111年 9月",花蓮縣,30,23,6,1,0,0,0,3.33
"111年 9月",臺東縣,30,27,3,0,0,0,0,0
"111年 9月",屏東縣,90,30,40,17,3,0,0,22.22
"111年 9月",嘉義縣,60,9,34,14,3,0,0,28.33
"111年 9月",雲林縣,60,14,28,16,2,0,0,30
"111年 9月",南投縣,60,16,20,23,1,0,0,40
"111年 9月",彰化縣,60,15,32,11,2,0,0,21.67
"111年 9月",苗栗縣,60,24,24,11,1,0,0,20
"111年 9月",新竹縣,60,27,19,12,2,0,0,23.33
"111年 9月",宜蘭縣,60,43,12,5,0,0,0,8.33
"111年 9月",高雄市,240,56,134,40,10,0,0,20.83
"111年 9月",臺南市,118,31,50,32,5,0,0,31.36
"111年 9月",臺中市,150,47,72,30,1,0,0,20.67
"111年 9月",桃園市,120,63,38,18,1,0,0,15.83
"111年 9月",臺北市,150,94,44,11,1,0,0,8
"111年 9月",新北市,270,152,79,34,5,0,0,14.44
"111年 9月",總計,1798,728,699,321,48,2,0,20.63
"111年 8月",連江縣,31,22,8,1,0,0,0,3.23
"111年 8月",金門縣,31,20,7,3,0,1,0,12.9
"111年 8月",嘉義市,31,29,2,0,0,0,0,0
"111年 8月",新竹市,31,28,3,0,0,0,0,0
"111年 8月",基隆市,31,25,6,0,0,0,0,0
"111年 8月",澎湖縣,31,29,2,0,0,0,0,0
"111年 8月",花蓮縣,31,31,0,0,0,0,0,0
"111年 8月",臺東縣,31,31,0,0,0,0,0,0
"111年 8月",屏東縣,93,85,8,0,0,0,0,0
"111年 8月",嘉義縣,62,57,5,0,0,0,0,0
"111年 8月",雲林縣,62,56,6,0,0,0,0,0
"111年 8月",南投縣,61,53,7,1,0,0,0,1.64
"111年 8月",彰化縣,62,55,7,0,0,0,0,0
"111年 8月",苗栗縣,62,46,16,0,0,0,0,0
"111年 8月",新竹縣,62,50,12,0,0,0,0,0
"111年 8月",宜蘭縣,62,62,0,0,0,0,0,0
"111年 8月",高雄市,248,225,23,0,0,0,0,0
"111年 8月",臺南市,124,113,11,0,0,0,0,0
"111年 8月",臺中市,155,137,18,0,0,0,0,0
"111年 8月",桃園市,124,93,26,5,0,0,0,4.03
"111年 8月",臺北市,152,119,30,3,0,0,0,1.97
"111年 8月",新北市,279,212,62,5,0,0,0,1.79
"111年 8月",總計,1856,1578,259,18,0,1,0,1.02
"111年 7月",連江縣,31,21,8,2,0,0,0,6.45
"111年 7月",金門縣,31,22,7,1,1,0,0,6.45
"111年 7月",嘉義市,31,30,1,0,0,0,0,0
"111年 7月",新竹市,31,30,1,0,0,0,0,0
"111年 7月",基隆市,31,25,6,0,0,0,0,0
"111年 7月",澎湖縣,31,30,1,0,0,0,0,0
"111年 7月",花蓮縣,31,30,1,0,0,0,0,0
"111年 7月",臺東縣,31,31,0,0,0,0,0,0
"111年 7月",屏東縣,93,89,4,0,0,0,0,0
"111年 7月",嘉義縣,62,59,3,0,0,0,0,0
"111年 7月",雲林縣,62,60,2,0,0,0,0,0
"111年 7月",南投縣,62,58,4,0,0,0,0,0
"111年 7月",彰化縣,62,60,2,0,0,0,0,0
"111年 7月",苗栗縣,62,62,0,0,0,0,0,0
"111年 7月",新竹縣,62,59,3,0,0,0,0,0
"111年 7月",宜蘭縣,62,55,7,0,0,0,0,0
"111年 7月",高雄市,248,238,10,0,0,0,0,0
"111年 7月",臺南市,123,118,5,0,0,0,0,0
"111年 7月",臺中市,155,149,6,0,0,0,0,0
"111年 7月",桃園市,124,117,7,0,0,0,0,0
"111年 7月",臺北市,155,110,44,1,0,0,0,0.65
"111年 7月",新北市,279,200,75,4,0,0,0,1.43
"111年 7月",總計,1859,1653,197,8,1,0,0,0.48
"111年 6月",連江縣,30,25,5,0,0,0,0,0
"111年 6月",金門縣,30,29,1,0,0,0,0,0
"111年 6月",嘉義市,30,29,1,0,0,0,0,0
"111年 6月",新竹市,30,30,0,0,0,0,0,0
"111年 6月",基隆市,30,28,2,0,0,0,0,0
"111年 6月",澎湖縣,30,28,2,0,0,0,0,0
"111年 6月",花蓮縣,30,30,0,0,0,0,0,0
"111年 6月",臺東縣,30,30,0,0,0,0,0,0
"111年 6月",屏東縣,90,86,4,0,0,0,0,0
"111年 6月",嘉義縣,60,58,2,0,0,0,0,0
"111年 6月",雲林縣,60,58,2,0,0,0,0,0
"111年 6月",南投縣,60,56,4,0,0,0,0,0
"111年 6月",彰化縣,60,58,2,0,0,0,0,0
"111年 6月",苗栗縣,52,52,0,0,0,0,0,0
"111年 6月",新竹縣,60,60,0,0,0,0,0,0
"111年 6月",宜蘭縣,60,59,1,0,0,0,0,0
"111年 6月",高雄市,240,232,7,0,1,0,0,0.42
"111年 6月",臺南市,120,119,1,0,0,0,0,0
"111年 6月",臺中市,150,147,3,0,0,0,0,0
"111年 6月",桃園市,120,111,9,0,0,0,0,0
"111年 6月",臺北市,150,105,45,0,0,0,0,0
"111年 6月",新北市,270,212,56,2,0,0,0,0.74
"111年 6月",總計,1792,1642,147,2,1,0,0,0.17
"111年 5月",連江縣,31,17,9,4,1,0,0,16.13
"111年 5月",金門縣,31,12,15,4,0,0,0,12.9
"111年 5月",嘉義市,31,15,16,0,0,0,0,0
"111年 5月",新竹市,31,28,3,0,0,0,0,0
"111年 5月",基隆市,31,25,6,0,0,0,0,0
"111年 5月",澎湖縣,31,16,13,2,0,0,0,6.45
"111年 5月",花蓮縣,31,28,3,0,0,0,0,0
"111年 5月",臺東縣,31,31,0,0,0,0,0,0
"111年 5月",屏東縣,93,62,20,9,2,0,0,11.83
"111年 5月",嘉義縣,62,32,30,0,0,0,0,0
"111年 5月",雲林縣,62,33,25,4,0,0,0,6.45
"111年 5月",南投縣,62,36,17,9,0,0,0,14.52
"111年 5月",彰化縣,62,35,27,0,0,0,0,0
"111年 5月",苗栗縣,62,53,9,0,0,0,0,0
"111年 5月",新竹縣,62,56,6,0,0,0,0,0
"111年 5月",宜蘭縣,62,57,5,0,0,0,0,0
"111年 5月",高雄市,248,120,110,17,1,0,0,7.26
"111年 5月",臺南市,124,64,53,7,0,0,0,5.65
"111年 5月",臺中市,155,115,39,1,0,0,0,0.65
"111年 5月",桃園市,124,104,20,0,0,0,0,0
"111年 5月",臺北市,155,118,37,0,0,0,0,0
"111年 5月",新北市,279,224,54,1,0,0,0,0.36
"111年 5月",總計,1860,1281,517,58,4,0,0,3.33
"111年 4月",連江縣,30,4,20,6,0,0,0,20
"111年 4月",金門縣,30,6,16,8,0,0,0,26.67
"111年 4月",嘉義市,30,7,17,6,0,0,0,20
"111年 4月",新竹市,30,12,18,0,0,0,0,0
"111年 4月",基隆市,30,16,14,0,0,0,0,0
"111年 4月",澎湖縣,30,11,16,3,0,0,0,10
"111年 4月",花蓮縣,30,24,5,1,0,0,0,3.33
"111年 4月",臺東縣,30,28,2,0,0,0,0,0
"111年 4月",屏東縣,90,44,22,24,0,0,0,26.67
"111年 4月",嘉義縣,60,11,47,2,0,0,0,3.33
"111年 4月",雲林縣,60,14,40,6,0,0,0,10
"111年 4月",南投縣,60,16,33,11,0,0,0,18.33
"111年 4月",彰化縣,60,18,40,2,0,0,0,3.33
"111年 4月",苗栗縣,60,34,24,2,0,0,0,3.33
"111年 4月",新竹縣,60,27,31,2,0,0,0,3.33
"111年 4月",宜蘭縣,60,49,11,0,0,0,0,0
"111年 4月",高雄市,240,68,126,44,2,0,0,19.17
"111年 4月",臺南市,120,38,78,4,0,0,0,3.33
"111年 4月",臺中市,150,64,81,5,0,0,0,3.33
"111年 4月",桃園市,120,48,68,4,0,0,0,3.33
"111年 4月",臺北市,150,56,92,2,0,0,0,1.33
"111年 4月",新北市,270,101,161,8,0,0,0,2.96
"111年 4月",總計,1800,696,962,140,2,0,0,7.89
"111年 3月",連江縣,31,3,24,2,2,0,0,12.9
"111年 3月",金門縣,31,6,17,7,1,0,0,25.81
"111年 3月",嘉義市,31,3,15,10,3,0,0,41.94
"111年 3月",新竹市,31,7,21,3,0,0,0,9.68
"111年 3月",基隆市,31,18,12,1,0,0,0,3.23
"111年 3月",澎湖縣,31,8,20,3,0,0,0,9.68
"111年 3月",花蓮縣,31,27,4,0,0,0,0,0
"111年 3月",臺東縣,31,28,3,0,0,0,0,0
"111年 3月",屏東縣,93,31,41,15,6,0,0,22.58
"111年 3月",嘉義縣,62,5,35,19,3,0,0,35.48
"111年 3月",雲林縣,62,8,34,16,4,0,0,32.26
"111年 3月",南投縣,62,4,35,22,1,0,0,37.1
"111年 3月",彰化縣,62,8,37,15,2,0,0,27.42
"111年 3月",苗栗縣,62,25,31,6,0,0,0,9.68
"111年 3月",新竹縣,62,21,39,2,0,0,0,3.23
"111年 3月",宜蘭縣,62,51,11,0,0,0,0,0
"111年 3月",高雄市,243,15,169,54,5,0,0,24.28
"111年 3月",臺南市,124,8,75,36,5,0,0,33.06
"111年 3月",臺中市,155,26,100,29,0,0,0,18.71
"111年 3月",桃園市,124,37,79,8,0,0,0,6.45
"111年 3月",臺北市,155,52,99,4,0,0,0,2.58
"111年 3月",新北市,279,113,160,6,0,0,0,2.15
"111年 3月",總計,1855,504,1061,258,32,0,0,15.63
"111年 2月",連江縣,28,14,10,4,0,0,0,14.29
"111年 2月",金門縣,28,15,12,1,0,0,0,3.57
"111年 2月",嘉義市,28,8,17,3,0,0,0,10.71
"111年 2月",新竹市,28,23,5,0,0,0,0,0
"111年 2月",基隆市,28,22,6,0,0,0,0,0
"111年 2月",澎湖縣,28,17,9,2,0,0,0,7.14
"111年 2月",花蓮縣,28,28,0,0,0,0,0,0
"111年 2月",臺東縣,28,28,0,0,0,0,0,0
"111年 2月",屏東縣,84,30,38,15,1,0,0,19.05
"111年 2月",嘉義縣,56,18,34,4,0,0,0,7.14
"111年 2月",雲林縣,56,28,25,3,0,0,0,5.36
"111年 2月",南投縣,56,24,32,0,0,0,0,0
"111年 2月",彰化縣,56,34,21,1,0,0,0,1.79
"111年 2月",苗栗縣,56,48,8,0,0,0,0,0
"111年 2月",新竹縣,56,48,7,1,0,0,0,1.79
"111年 2月",宜蘭縣,56,56,0,0,0,0,0,0
"111年 2月",高雄市,224,15,157,51,1,0,0,23.21
"111年 2月",臺南市,112,30,71,11,0,0,0,9.82
"111年 2月",臺中市,140,94,46,0,0,0,0,0
"111年 2月",桃園市,112,82,29,1,0,0,0,0.89
"111年 2月",臺北市,140,68,72,0,0,0,0,0
"111年 2月",新北市,252,170,82,0,0,0,0,0
"111年 2月",總計,1680,900,681,97,2,0,0,5.89
"111年 1月",連江縣,31,6,19,5,1,0,0,19.35
"111年 1月",金門縣,31,8,18,4,1,0,0,16.13
"111年 1月",嘉義市,31,1,22,7,1,0,0,25.81
"111年 1月",新竹市,31,18,13,0,0,0,0,0
"111年 1月",基隆市,31,23,8,0,0,0,0,0
"111年 1月",澎湖縣,31,15,16,0,0,0,0,0
"111年 1月",花蓮縣,31,30,1,0,0,0,0,0
"111年 1月",臺東縣,31,31,0,0,0,0,0,0
"111年 1月",屏東縣,93,30,33,29,1,0,0,32.26
"111年 1月",嘉義縣,62,9,48,5,0,0,0,8.06
"111年 1月",雲林縣,62,16,41,4,1,0,0,8.06
"111年 1月",南投縣,62,8,51,2,1,0,0,4.84
"111年 1月",彰化縣,62,28,34,0,0,0,0,0
"111年 1月",苗栗縣,62,43,19,0,0,0,0,0
"111年 1月",新竹縣,62,45,17,0,0,0,0,0
"111年 1月",宜蘭縣,62,55,7,0,0,0,0,0
"111年 1月",高雄市,248,6,159,79,4,0,0,33.47
"111年 1月",臺南市,124,7,95,22,0,0,0,17.74
"111年 1月",臺中市,155,75,80,0,0,0,0,0
"111年 1月",桃園市,124,77,47,0,0,0,0,0
"111年 1月",臺北市,155,75,80,0,0,0,0,0
"111年 1月",新北市,279,181,98,0,0,0,0,0
"111年 1月",總計,1860,787,906,157,10,0,0,8.98
111年,連江縣,365,168,154,35,8,0,0,11.78
111年,金門縣,365,162,154,39,7,3,0,13.42
111年,嘉義市,365,166,153,42,4,0,0,12.6
111年,新竹市,365,268,90,7,0,0,0,1.92
111年,基隆市,365,279,79,7,0,0,0,1.92
111年,澎湖縣,365,238,108,16,3,0,0,5.21
111年,花蓮縣,365,343,20,2,0,0,0,0.55
111年,臺東縣,365,357,8,0,0,0,0,0
111年,屏東縣,1095,592,335,152,16,0,0,15.34
111年,嘉義縣,730,330,342,52,6,0,0,7.95
111年,雲林縣,730,352,308,63,7,0,0,9.59
111年,南投縣,729,350,292,84,3,0,0,11.93
111年,彰化縣,730,411,279,36,4,0,0,5.48
111年,苗栗縣,722,531,170,20,1,0,0,2.91
111年,新竹縣,730,551,157,20,2,0,0,3.01
111年,宜蘭縣,730,668,57,5,0,0,0,0.68
111年,高雄市,2915,1066,1457,368,24,0,0,13.45
111年,臺南市,1457,637,677,133,10,0,0,9.81
111年,臺中市,1825,1162,590,72,1,0,0,4
111年,桃園市,1460,1031,386,42,1,0,0,2.95
111年,臺北市,1822,1136,660,25,1,0,0,1.43
111年,新北市,3285,2245,964,69,7,0,0,2.31
111年,總計,21880,13043,7440,1289,105,3,0,6.38
"110年 12月",連江縣,31,3,24,3,1,0,0,12.9
"110年 12月",金門縣,31,2,24,5,0,0,0,16.13
"110年 12月",嘉義市,31,2,25,4,0,0,0,12.9
"110年 12月",新竹市,31,20,11,0,0,0,0,0
"110年 12月",基隆市,31,22,9,0,0,0,0,0
"110年 12月",澎湖縣,31,15,16,0,0,0,0,0
"110年 12月",花蓮縣,31,28,3,0,0,0,0,0
"110年 12月",臺東縣,31,30,1,0,0,0,0,0
"110年 12月",屏東縣,93,28,39,26,0,0,0,27.96
"110年 12月",嘉義縣,62,14,44,4,0,0,0,6.45
"110年 12月",雲林縣,62,8,48,6,0,0,0,9.68
"110年 12月",南投縣,62,9,49,4,0,0,0,6.45
"110年 12月",彰化縣,62,29,29,4,0,0,0,6.45
"110年 12月",苗栗縣,62,42,20,0,0,0,0,0
"110年 12月",新竹縣,62,45,17,0,0,0,0,0
"110年 12月",宜蘭縣,62,57,5,0,0,0,0,0
"110年 12月",高雄市,248,4,169,73,2,0,0,30.24
"110年 12月",臺南市,124,12,97,15,0,0,0,12.1
"110年 12月",臺中市,155,71,83,1,0,0,0,0.65
"110年 12月",桃園市,124,73,51,0,0,0,0,0
"110年 12月",臺北市,153,67,86,0,0,0,0,0
"110年 12月",新北市,279,157,122,0,0,0,0,0
"110年 12月",總計,1858,738,972,145,3,0,0,7.97
"110年 11月",連江縣,30,10,18,2,0,0,0,6.67
"110年 11月",金門縣,30,6,23,1,0,0,0,3.33
"110年 11月",嘉義市,30,2,25,3,0,0,0,10
"110年 11月",新竹市,30,17,13,0,0,0,0,0
"110年 11月",基隆市,30,24,6,0,0,0,0,0
"110年 11月",澎湖縣,30,12,17,1,0,0,0,3.33
"110年 11月",花蓮縣,30,27,3,0,0,0,0,0
"110年 11月",臺東縣,30,30,0,0,0,0,0,0
"110年 11月",屏東縣,90,28,42,18,2,0,0,22.22
"110年 11月",嘉義縣,60,12,46,2,0,0,0,3.33
"110年 11月",雲林縣,60,7,48,5,0,0,0,8.33
"110年 11月",南投縣,60,9,44,6,1,0,0,11.67
"110年 11月",彰化縣,60,26,30,4,0,0,0,6.67
"110年 11月",苗栗縣,60,41,15,4,0,0,0,6.67
"110年 11月",新竹縣,60,45,15,0,0,0,0,0
"110年 11月",宜蘭縣,60,55,5,0,0,0,0,0
"110年 11月",高雄市,235,4,200,29,2,0,0,13.19
"110年 11月",臺南市,120,13,98,9,0,0,0,7.5
"110年 11月",臺中市,150,66,76,8,0,0,0,5.33
"110年 11月",桃園市,120,80,40,0,0,0,0,0
"110年 11月",臺北市,150,78,72,0,0,0,0,0
"110年 11月",新北市,270,178,92,0,0,0,0,0
"110年 11月",總計,1795,770,928,92,5,0,0,5.4
"110年 10月",連江縣,31,19,8,4,0,0,0,12.9
"110年 10月",金門縣,31,15,13,2,1,0,0,9.68
"110年 10月",嘉義市,31,8,12,11,0,0,0,35.48
"110年 10月",新竹市,31,22,5,4,0,0,0,12.9
"110年 10月",基隆市,31,29,2,0,0,0,0,0
"110年 10月",澎湖縣,31,12,18,1,0,0,0,3.23
"110年 10月",花蓮縣,31,31,0,0,0,0,0,0
"110年 10月",臺東縣,31,30,1,0,0,0,0,0
"110年 10月",屏東縣,93,42,30,20,1,0,0,22.58
"110年 10月",嘉義縣,62,18,38,6,0,0,0,9.68
"110年 10月",雲林縣,62,12,34,16,0,0,0,25.81
"110年 10月",南投縣,62,13,25,21,3,0,0,38.71
"110年 10月",彰化縣,62,22,27,11,2,0,0,20.97
"110年 10月",苗栗縣,62,31,14,13,4,0,0,27.42
"110年 10月",新竹縣,62,48,7,7,0,0,0,11.29
"110年 10月",宜蘭縣,62,62,0,0,0,0,0,0
"110年 10月",高雄市,248,42,148,52,6,0,0,23.39
"110年 10月",臺南市,124,39,65,20,0,0,0,16.13
"110年 10月",臺中市,155,59,47,37,12,0,0,31.61
"110年 10月",桃園市,124,115,9,0,0,0,0,0
"110年 10月",臺北市,155,120,35,0,0,0,0,0
"110年 10月",新北市,279,236,43,0,0,0,0,0
"110年 10月",總計,1860,1025,581,225,29,0,0,13.66
"110年 9月",連江縣,30,13,17,0,0,0,0,0
"110年 9月",金門縣,30,15,11,4,0,0,0,13.33
"110年 9月",嘉義市,30,16,12,2,0,0,0,6.67
"110年 9月",新竹市,30,19,10,1,0,0,0,3.33
"110年 9月",基隆市,30,27,3,0,0,0,0,0
"110年 9月",澎湖縣,30,23,6,1,0,0,0,3.33
"110年 9月",花蓮縣,30,30,0,0,0,0,0,0
"110年 9月",臺東縣,30,30,0,0,0,0,0,0
"110年 9月",屏東縣,90,53,31,6,0,0,0,6.67
"110年 9月",嘉義縣,60,27,31,2,0,0,0,3.33
"110年 9月",雲林縣,60,27,29,4,0,0,0,6.67
"110年 9月",南投縣,60,28,20,10,2,0,0,20
"110年 9月",彰化縣,60,29,25,5,1,0,0,10
"110年 9月",苗栗縣,60,29,27,3,1,0,0,6.67
"110年 9月",新竹縣,60,36,20,4,0,0,0,6.67
"110年 9月",宜蘭縣,60,59,1,0,0,0,0,0
"110年 9月",高雄市,240,107,125,8,0,0,0,3.33
"110年 9月",臺南市,120,66,48,6,0,0,0,5
"110年 9月",臺中市,150,70,67,8,5,0,0,8.67
"110年 9月",桃園市,120,82,37,1,0,0,0,0.83
"110年 9月",臺北市,150,119,28,3,0,0,0,2
"110年 9月",新北市,270,210,51,9,0,0,0,3.33
"110年 9月",總計,1800,1115,599,77,9,0,0,4.78
"110年 8月",連江縣,31,25,6,0,0,0,0,0
"110年 8月",金門縣,31,25,5,1,0,0,0,3.23
"110年 8月",嘉義市,31,30,1,0,0,0,0,0
"110年 8月",新竹市,31,26,5,0,0,0,0,0
"110年 8月",基隆市,31,27,4,0,0,0,0,0
"110年 8月",澎湖縣,31,29,2,0,0,0,0,0
"110年 8月",花蓮縣,31,31,0,0,0,0,0,0
"110年 8月",臺東縣,31,31,0,0,0,0,0,0
"110年 8月",屏東縣,93,87,3,3,0,0,0,3.23
"110年 8月",嘉義縣,62,53,9,0,0,0,0,0
"110年 8月",雲林縣,62,53,9,0,0,0,0,0
"110年 8月",南投縣,62,55,7,0,0,0,0,0
"110年 8月",彰化縣,62,54,8,0,0,0,0,0
"110年 8月",苗栗縣,62,52,10,0,0,0,0,0
"110年 8月",新竹縣,62,53,8,1,0,0,0,1.61
"110年 8月",宜蘭縣,62,61,1,0,0,0,0,0
"110年 8月",高雄市,248,191,52,4,1,0,0,2.02
"110年 8月",臺南市,124,112,12,0,0,0,0,0
"110年 8月",臺中市,155,128,26,1,0,0,0,0.65
"110年 8月",桃園市,124,97,26,1,0,0,0,0.81
"110年 8月",臺北市,155,96,59,0,0,0,0,0
"110年 8月",新北市,279,194,85,0,0,0,0,0
"110年 8月",總計,1860,1510,338,11,1,0,0,0.65
"110年 7月",連江縣,31,27,2,2,0,0,0,6.45
"110年 7月",金門縣,31,26,2,3,0,0,0,9.68
"110年 7月",嘉義市,31,30,1,0,0,0,0,0
"110年 7月",新竹市,31,25,6,0,0,0,0,0
"110年 7月",基隆市,31,25,6,0,0,0,0,0
"110年 7月",澎湖縣,31,30,1,0,0,0,0,0
"110年 7月",花蓮縣,31,31,0,0,0,0,0,0
"110年 7月",臺東縣,31,31,0,0,0,0,0,0
"110年 7月",屏東縣,93,90,3,0,0,0,0,0
"110年 7月",嘉義縣,62,58,4,0,0,0,0,0
"110年 7月",雲林縣,62,52,10,0,0,0,0,0
"110年 7月",南投縣,62,53,7,2,0,0,0,3.23
"110年 7月",彰化縣,62,53,8,1,0,0,0,1.61
"110年 7月",苗栗縣,62,59,3,0,0,0,0,0
"110年 7月",新竹縣,62,54,7,1,0,0,0,1.61
"110年 7月",宜蘭縣,62,62,0,0,0,0,0,0
"110年 7月",高雄市,248,222,26,0,0,0,0,0
"110年 7月",臺南市,124,124,0,0,0,0,0,0
"110年 7月",臺中市,155,131,21,3,0,0,0,1.94
"110年 7月",桃園市,124,105,19,0,0,0,0,0
"110年 7月",臺北市,155,121,27,5,2,0,0,4.52
"110年 7月",新北市,279,219,56,4,0,0,0,1.43
"110年 7月",總計,1860,1628,209,21,2,0,0,1.24
"110年 6月",連江縣,30,10,18,2,0,0,0,6.67
"110年 6月",金門縣,30,24,6,0,0,0,0,0
"110年 6月",嘉義市,30,30,0,0,0,0,0,0
"110年 6月",新竹市,30,25,5,0,0,0,0,0
"110年 6月",基隆市,30,27,3,0,0,0,0,0
"110年 6月",澎湖縣,30,28,2,0,0,0,0,0
"110年 6月",花蓮縣,30,30,0,0,0,0,0,0
"110年 6月",臺東縣,30,30,0,0,0,0,0,0
"110年 6月",屏東縣,90,86,3,1,0,0,0,1.11
"110年 6月",嘉義縣,60,60,0,0,0,0,0,0
"110年 6月",雲林縣,60,57,3,0,0,0,0,0
"110年 6月",南投縣,60,54,6,0,0,0,0,0
"110年 6月",彰化縣,60,58,2,0,0,0,0,0
"110年 6月",苗栗縣,60,60,0,0,0,0,0,0
"110年 6月",新竹縣,60,53,7,0,0,0,0,0
"110年 6月",宜蘭縣,60,58,2,0,0,0,0,0
"110年 6月",高雄市,240,223,17,0,0,0,0,0
"110年 6月",臺南市,120,108,12,0,0,0,0,0
"110年 6月",臺中市,150,145,5,0,0,0,0,0
"110年 6月",桃園市,120,108,12,0,0,0,0,0
"110年 6月",臺北市,150,135,15,0,0,0,0,0
"110年 6月",新北市,270,230,38,2,0,0,0,0.74
"110年 6月",總計,1800,1639,156,5,0,0,0,0.28
"110年 5月",連江縣,31,8,16,4,3,0,0,22.58
"110年 5月",金門縣,31,20,7,4,0,0,0,12.9
"110年 5月",嘉義市,31,24,7,0,0,0,0,0
"110年 5月",新竹市,31,23,6,2,0,0,0,6.45
"110年 5月",基隆市,31,22,8,1,0,0,0,3.23
"110年 5月",澎湖縣,31,24,7,0,0,0,0,0
"110年 5月",花蓮縣,31,29,2,0,0,0,0,0
"110年 5月",臺東縣,31,30,1,0,0,0,0,0
"110年 5月",屏東縣,93,77,14,1,1,0,0,2.15
"110年 5月",嘉義縣,62,48,11,3,0,0,0,4.84
"110年 5月",雲林縣,62,47,11,3,1,0,0,6.45
"110年 5月",南投縣,62,43,15,3,1,0,0,6.45
"110年 5月",彰化縣,62,49,12,1,0,0,0,1.61
"110年 5月",苗栗縣,62,51,11,0,0,0,0,0
"110年 5月",新竹縣,62,43,14,5,0,0,0,8.06
"110年 5月",宜蘭縣,62,58,4,0,0,0,0,0
"110年 5月",高雄市,248,188,45,15,0,0,0,6.05
"110年 5月",臺南市,124,102,17,5,0,0,0,4.03
"110年 5月",臺中市,155,108,42,5,0,0,0,3.23
"110年 5月",桃園市,124,78,38,8,0,0,0,6.45
"110年 5月",臺北市,155,63,87,5,0,0,0,3.23
"110年 5月",新北市,279,134,126,17,2,0,0,6.81
"110年 5月",總計,1860,1269,501,82,8,0,0,4.84
"110年 4月",連江縣,30,0,21,7,2,0,0,30
"110年 4月",金門縣,30,2,20,7,1,0,0,26.67
"110年 4月",嘉義市,30,0,27,3,0,0,0,10
"110年 4月",新竹市,30,9,16,4,1,0,0,16.67
"110年 4月",基隆市,30,16,13,1,0,0,0,3.33
"110年 4月",澎湖縣,30,9,17,4,0,0,0,13.33
"110年 4月",花蓮縣,30,18,12,0,0,0,0,0
"110年 4月",臺東縣,30,21,8,1,0,0,0,3.33
"110年 4月",屏東縣,90,21,50,18,1,0,0,21.11
"110年 4月",嘉義縣,60,3,50,7,0,0,0,11.67
"110年 4月",雲林縣,60,1,45,13,1,0,0,23.33
"110年 4月",南投縣,60,1,41,17,1,0,0,30
"110年 4月",彰化縣,60,3,54,2,1,0,0,5
"110年 4月",苗栗縣,60,17,43,0,0,0,0,0
"110年 4月",新竹縣,60,16,34,6,4,0,0,16.67
"110年 4月",宜蘭縣,60,43,17,0,0,0,0,0
"110年 4月",高雄市,240,11,146,82,1,0,0,34.58
"110年 4月",臺南市,120,4,86,30,0,0,0,25
"110年 4月",臺中市,150,17,124,7,2,0,0,6
"110年 4月",桃園市,120,47,60,12,1,0,0,10.83
"110年 4月",臺北市,150,62,74,12,2,0,0,9.33
"110年 4月",新北市,270,107,135,22,6,0,0,10.37
"110年 4月",總計,1800,428,1093,255,24,0,0,15.5
"110年 3月",連江縣,31,3,26,2,0,0,0,6.45
"110年 3月",金門縣,31,1,25,5,0,0,0,16.13
"110年 3月",嘉義市,31,0,12,15,4,0,0,61.29
"110年 3月",新竹市,31,4,25,2,0,0,0,6.45
"110年 3月",基隆市,31,12,19,0,0,0,0,0
"110年 3月",澎湖縣,31,7,22,2,0,0,0,6.45
"110年 3月",花蓮縣,31,26,5,0,0,0,0,0
"110年 3月",臺東縣,31,27,4,0,0,0,0,0
"110年 3月",屏東縣,91,20,49,21,1,0,0,24.18
"110年 3月",嘉義縣,62,5,31,26,0,0,0,41.94
"110年 3月",雲林縣,62,1,31,26,4,0,0,48.39
"110年 3月",南投縣,62,0,42,19,1,0,0,32.26
"110年 3月",彰化縣,62,2,41,17,2,0,0,30.65
"110年 3月",苗栗縣,62,11,47,4,0,0,0,6.45
"110年 3月",新竹縣,62,11,45,6,0,0,0,9.68
"110年 3月",宜蘭縣,62,43,19,0,0,0,0,0
"110年 3月",高雄市,248,6,117,120,5,0,0,50.4
"110年 3月",臺南市,124,5,63,53,3,0,0,45.16
"110年 3月",臺中市,151,12,120,19,0,0,0,12.58
"110年 3月",桃園市,124,16,92,16,0,0,0,12.9
"110年 3月",臺北市,155,20,127,8,0,0,0,5.16
"110年 3月",新北市,279,57,208,14,0,0,0,5.02
"110年 3月",總計,1854,289,1170,375,20,0,0,21.31
"110年 2月",連江縣,28,6,14,8,0,0,0,28.57
"110年 2月",金門縣,28,3,16,8,1,0,0,32.14
"110年 2月",嘉義市,28,0,11,14,3,0,0,60.71
"110年 2月",新竹市,28,7,15,5,1,0,0,21.43
"110年 2月",基隆市,28,13,15,0,0,0,0,0
"110年 2月",澎湖縣,28,4,21,3,0,0,0,10.71
"110年 2月",花蓮縣,28,20,8,0,0,0,0,0
"110年 2月",臺東縣,28,24,4,0,0,0,0,0
"110年 2月",屏東縣,84,19,43,20,2,0,0,26.19
"110年 2月",嘉義縣,56,3,25,20,8,0,0,50
"110年 2月",雲林縣,56,2,24,23,7,0,0,53.57
"110年 2月",南投縣,56,1,33,19,3,0,0,39.29
"110年 2月",彰化縣,56,3,31,16,6,0,0,39.29
"110年 2月",苗栗縣,56,10,39,7,0,0,0,12.5
"110年 2月",新竹縣,56,14,32,8,2,0,0,17.86
"110年 2月",宜蘭縣,56,39,17,0,0,0,0,0
"110年 2月",高雄市,224,3,111,102,8,0,0,49.11
"110年 2月",臺南市,112,2,50,52,8,0,0,53.57
"110年 2月",臺中市,140,14,87,32,7,0,0,27.86
"110年 2月",桃園市,112,27,64,18,3,0,0,18.75
"110年 2月",臺北市,140,40,86,13,1,0,0,10
"110年 2月",新北市,252,87,141,23,1,0,0,9.52
"110年 2月",總計,1680,341,887,391,61,0,0,26.9
"110年 1月",連江縣,31,1,25,5,0,0,0,16.13
"110年 1月",金門縣,31,0,23,8,0,0,0,25.81
"110年 1月",嘉義市,31,2,13,12,4,0,0,51.61
"110年 1月",新竹市,31,12,19,0,0,0,0,0
"110年 1月",基隆市,31,21,10,0,0,0,0,0
"110年 1月",澎湖縣,31,8,22,1,0,0,0,3.23
"110年 1月",花蓮縣,31,26,5,0,0,0,0,0
"110年 1月",臺東縣,31,27,4,0,0,0,0,0
"110年 1月",屏東縣,93,26,38,22,7,0,0,31.18
"110年 1月",嘉義縣,62,8,37,17,0,0,0,27.42
"110年 1月",雲林縣,62,6,34,18,4,0,0,35.48
"110年 1月",南投縣,62,5,42,14,1,0,0,24.19
"110年 1月",彰化縣,62,13,37,11,1,0,0,19.35
"110年 1月",苗栗縣,62,28,34,0,0,0,0,0
"110年 1月",新竹縣,62,31,31,0,0,0,0,0
"110年 1月",宜蘭縣,62,45,17,0,0,0,0,0
"110年 1月",高雄市,248,4,137,78,29,0,0,43.15
"110年 1月",臺南市,124,6,70,34,14,0,0,38.71
"110年 1月",臺中市,155,48,87,20,0,0,0,12.9
"110年 1月",桃園市,124,59,65,0,0,0,0,0
"110年 1月",臺北市,155,66,89,0,0,0,0,0
"110年 1月",新北市,279,135,143,1,0,0,0,0.36
"110年 1月",總計,1860,577,982,241,60,0,0,16.18
110年,連江縣,365,125,195,39,6,0,0,12.33
110年,金門縣,365,139,175,48,3,0,0,13.97
110年,嘉義市,365,144,146,64,11,0,0,20.55
110年,新竹市,365,209,136,18,2,0,0,5.48
110年,基隆市,365,265,98,2,0,0,0,0.55
110年,澎湖縣,365,201,151,13,0,0,0,3.56
110年,花蓮縣,365,327,38,0,0,0,0,0
110年,臺東縣,365,341,23,1,0,0,0,0.27
110年,屏東縣,1093,577,345,156,15,0,0,15.65
110年,嘉義縣,730,309,326,87,8,0,0,13.01
110年,雲林縣,730,273,326,114,17,0,0,17.95
110年,南投縣,730,271,331,115,13,0,0,17.53
110年,彰化縣,730,341,304,72,13,0,0,11.64
110年,苗栗縣,730,431,263,31,5,0,0,4.93
110年,新竹縣,730,449,237,38,6,0,0,6.03
110年,宜蘭縣,730,642,88,0,0,0,0,0
110年,高雄市,2915,1005,1293,563,54,0,0,21.17
110年,臺南市,1460,593,618,224,25,0,0,17.05
110年,臺中市,1821,869,785,141,26,0,0,9.17
110年,桃園市,1460,887,513,56,4,0,0,4.11
110年,臺北市,1823,987,785,46,5,0,0,2.8
110年,新北市,3285,1944,1240,92,9,0,0,3.07
110年,總計,21887,11329,8416,1920,222,0,0,9.79
"109年 12月",連江縣,31,4,22,5,0,0,0,16.13
"109年 12月",金門縣,31,11,17,3,0,0,0,9.68
"109年 12月",嘉義市,31,4,22,5,0,0,0,16.13
"109年 12月",新竹市,31,26,5,0,0,0,0,0
"109年 12月",基隆市,31,24,7,0,0,0,0,0
"109年 12月",澎湖縣,31,21,10,0,0,0,0,0
"109年 12月",花蓮縣,31,30,1,0,0,0,0,0
"109年 12月",臺東縣,31,31,0,0,0,0,0,0
"109年 12月",屏東縣,93,30,43,20,0,0,0,21.51
"109年 12月",嘉義縣,62,28,28,5,1,0,0,9.68
"109年 12月",雲林縣,62,25,31,6,0,0,0,9.68
"109年 12月",南投縣,62,22,37,3,0,0,0,4.84
"109年 12月",彰化縣,62,35,23,4,0,0,0,6.45
"109年 12月",苗栗縣,62,50,11,1,0,0,0,1.61
"109年 12月",新竹縣,62,52,10,0,0,0,0,0
"109年 12月",宜蘭縣,62,59,3,0,0,0,0,0
"109年 12月",高雄市,248,4,196,47,1,0,0,19.35
"109年 12月",臺南市,124,35,74,15,0,0,0,12.1
"109年 12月",臺中市,155,109,42,4,0,0,0,2.58
"109年 12月",桃園市,124,92,32,0,0,0,0,0
"109年 12月",臺北市,155,116,39,0,0,0,0,0
"109年 12月",新北市,279,210,68,1,0,0,0,0.36
"109年 12月",總計,1860,1018,721,119,2,0,0,6.51
"109年 11月",連江縣,30,9,17,1,3,0,0,13.33
"109年 11月",金門縣,30,10,17,2,1,0,0,10
"109年 11月",嘉義市,30,0,28,2,0,0,0,6.67
"109年 11月",新竹市,30,21,7,2,0,0,0,6.67
"109年 11月",基隆市,30,24,5,1,0,0,0,3.33
"109年 11月",澎湖縣,30,19,10,1,0,0,0,3.33
"109年 11月",花蓮縣,30,26,4,0,0,0,0,0
"109年 11月",臺東縣,30,27,3,0,0,0,0,0
"109年 11月",屏東縣,90,28,46,15,1,0,0,17.78
"109年 11月",嘉義縣,60,10,45,5,0,0,0,8.33
"109年 11月",雲林縣,60,6,47,7,0,0,0,11.67
"109年 11月",南投縣,60,8,46,6,0,0,0,10
"109年 11月",彰化縣,60,21,34,5,0,0,0,8.33
"109年 11月",苗栗縣,60,40,20,0,0,0,0,0
"109年 11月",新竹縣,60,40,18,2,0,0,0,3.33
"109年 11月",宜蘭縣,60,54,6,0,0,0,0,0
"109年 11月",高雄市,240,9,179,49,2,1,0,21.67
"109年 11月",臺南市,120,10,103,7,0,0,0,5.83
"109年 11月",臺中市,150,65,81,4,0,0,0,2.67
"109年 11月",桃園市,120,94,22,4,0,0,0,3.33
"109年 11月",臺北市,150,129,20,1,0,0,0,0.67
"109年 11月",新北市,270,208,56,5,1,0,0,2.22
"109年 11月",總計,1800,858,814,119,8,1,0,7.11
"109年 10月",連江縣,31,1,19,11,0,0,0,35.48
"109年 10月",金門縣,31,1,21,9,0,0,0,29.03
"109年 10月",嘉義市,31,1,28,2,0,0,0,6.45
"109年 10月",新竹市,31,22,8,1,0,0,0,3.23
"109年 10月",基隆市,31,18,13,0,0,0,0,0
"109年 10月",澎湖縣,31,11,20,0,0,0,0,0
"109年 10月",花蓮縣,31,30,1,0,0,0,0,0
"109年 10月",臺東縣,31,31,0,0,0,0,0,0
"109年 10月",屏東縣,93,26,36,28,3,0,0,33.33
"109年 10月",嘉義縣,62,4,51,6,1,0,0,11.29
"109年 10月",雲林縣,62,5,41,16,0,0,0,25.81
"109年 10月",南投縣,62,4,31,26,1,0,0,43.55
"109年 10月",彰化縣,62,16,44,2,0,0,0,3.23
"109年 10月",苗栗縣,62,51,10,1,0,0,0,1.61
"109年 10月",新竹縣,62,44,16,2,0,0,0,3.23
"109年 10月",宜蘭縣,62,61,1,0,0,0,0,0
"109年 10月",高雄市,248,1,136,106,5,0,0,44.76
"109年 10月",臺南市,124,2,85,37,0,0,0,29.84
"109年 10月",臺中市,155,64,75,14,2,0,0,10.32
"109年 10月",桃園市,124,104,18,2,0,0,0,1.61
"109年 10月",臺北市,155,130,25,0,0,0,0,0
"109年 10月",新北市,279,219,59,1,0,0,0,0.36
"109年 10月",總計,1860,846,738,264,12,0,0,14.84
"109年 9月",連江縣,30,5,12,8,5,0,0,43.33
"109年 9月",金門縣,30,8,14,8,0,0,0,26.67
"109年 9月",嘉義市,30,6,12,11,1,0,0,40
"109年 9月",新竹市,30,14,13,1,2,0,0,10
"109年 9月",基隆市,30,18,10,2,0,0,0,6.67
"109年 9月",澎湖縣,30,18,9,3,0,0,0,10
"109年 9月",花蓮縣,30,24,6,0,0,0,0,0
"109年 9月",臺東縣,30,27,3,0,0,0,0,0
"109年 9月",屏東縣,90,37,23,23,7,0,0,33.33
"109年 9月",嘉義縣,60,12,28,18,2,0,0,33.33
"109年 9月",雲林縣,60,12,22,13,11,2,0,43.33
"109年 9月",南投縣,60,11,17,23,9,0,0,53.33
"109年 9月",彰化縣,60,21,29,8,2,0,0,16.67
"109年 9月",苗栗縣,60,24,31,3,2,0,0,8.33
"109年 9月",新竹縣,60,27,26,3,4,0,0,11.67
"109年 9月",宜蘭縣,60,49,9,2,0,0,0,3.33
"109年 9月",高雄市,240,42,100,85,13,0,0,40.83
"109年 9月",臺南市,120,21,55,39,5,0,0,36.67
"109年 9月",臺中市,150,52,64,27,4,3,0,22.67
"109年 9月",桃園市,120,58,47,9,4,2,0,12.5
"109年 9月",臺北市,150,98,34,12,6,0,0,12
"109年 9月",新北市,270,146,90,16,18,0,0,12.59
"109年 9月",總計,1800,730,654,314,95,7,0,23.11
"109年 8月",連江縣,31,24,6,0,1,0,0,3.23
"109年 8月",金門縣,31,25,6,0,0,0,0,0
"109年 8月",嘉義市,31,27,4,0,0,0,0,0
"109年 8月",新竹市,31,23,6,2,0,0,0,6.45
"109年 8月",基隆市,31,27,4,0,0,0,0,0
"109年 8月",澎湖縣,31,29,2,0,0,0,0,0
"109年 8月",花蓮縣,31,29,2,0,0,0,0,0
"109年 8月",臺東縣,31,27,4,0,0,0,0,0
"109年 8月",屏東縣,93,75,18,0,0,0,0,0
"109年 8月",嘉義縣,62,54,8,0,0,0,0,0
"109年 8月",雲林縣,62,50,11,1,0,0,0,1.61
"109年 8月",南投縣,62,51,10,1,0,0,0,1.61
"109年 8月",彰化縣,62,56,6,0,0,0,0,0
"109年 8月",苗栗縣,62,56,6,0,0,0,0,0
"109年 8月",新竹縣,62,48,11,3,0,0,0,4.84
"109年 8月",宜蘭縣,62,58,4,0,0,0,0,0
"109年 8月",高雄市,248,199,45,4,0,0,0,1.61
"109年 8月",臺南市,124,110,14,0,0,0,0,0
"109年 8月",臺中市,155,110,41,4,0,0,0,2.58
"109年 8月",桃園市,123,102,19,2,0,0,0,1.63
"109年 8月",臺北市,155,131,24,0,0,0,0,0
"109年 8月",新北市,279,225,50,4,0,0,0,1.43
"109年 8月",總計,1859,1536,301,21,1,0,0,1.18
"109年 7月",連江縣,31,29,2,0,0,0,0,0
"109年 7月",金門縣,31,28,3,0,0,0,0,0
"109年 7月",嘉義市,31,30,1,0,0,0,0,0
"109年 7月",新竹市,31,28,2,0,0,1,0,3.23
"109年 7月",基隆市,31,28,3,0,0,0,0,0
"109年 7月",澎湖縣,31,31,0,0,0,0,0,0
"109年 7月",花蓮縣,31,31,0,0,0,0,0,0
"109年 7月",臺東縣,31,31,0,0,0,0,0,0
"109年 7月",屏東縣,93,87,6,0,0,0,0,0
"109年 7月",嘉義縣,62,59,3,0,0,0,0,0
"109年 7月",雲林縣,62,58,3,1,0,0,0,1.61
"109年 7月",南投縣,62,57,5,0,0,0,0,0
"109年 7月",彰化縣,62,58,4,0,0,0,0,0
"109年 7月",苗栗縣,62,60,1,1,0,0,0,1.61
"109年 7月",新竹縣,62,53,6,1,2,0,0,4.84
"109年 7月",宜蘭縣,62,62,0,0,0,0,0,0
"109年 7月",高雄市,248,224,24,0,0,0,0,0
"109年 7月",臺南市,124,116,8,0,0,0,0,0
"109年 7月",臺中市,155,145,9,1,0,0,0,0.65
"109年 7月",桃園市,124,111,7,5,1,0,0,4.84
"109年 7月",臺北市,155,130,22,2,1,0,0,1.94
"109年 7月",新北市,279,227,46,5,1,0,0,2.15
"109年 7月",總計,1860,1683,155,16,5,1,0,1.18
"109年 6月",連江縣,30,26,4,0,0,0,0,0
"109年 6月",金門縣,30,30,0,0,0,0,0,0
"109年 6月",嘉義市,30,29,1,0,0,0,0,0
"109年 6月",新竹市,30,30,0,0,0,0,0,0
"109年 6月",基隆市,30,23,7,0,0,0,0,0
"109年 6月",澎湖縣,30,30,0,0,0,0,0,0
"109年 6月",花蓮縣,30,30,0,0,0,0,0,0
"109年 6月",臺東縣,30,30,0,0,0,0,0,0
"109年 6月",屏東縣,90,89,1,0,0,0,0,0
"109年 6月",嘉義縣,60,59,1,0,0,0,0,0
"109年 6月",雲林縣,60,59,1,0,0,0,0,0
"109年 6月",南投縣,60,59,1,0,0,0,0,0
"109年 6月",彰化縣,60,59,1,0,0,0,0,0
"109年 6月",苗栗縣,60,60,0,0,0,0,0,0
"109年 6月",新竹縣,60,59,1,0,0,0,0,0
"109年 6月",宜蘭縣,60,60,0,0,0,0,0,0
"109年 6月",高雄市,240,238,2,0,0,0,0,0
"109年 6月",臺南市,120,117,3,0,0,0,0,0
"109年 6月",臺中市,150,148,2,0,0,0,0,0
"109年 6月",桃園市,120,118,2,0,0,0,0,0
"109年 6月",臺北市,150,125,24,1,0,0,0,0.67
"109年 6月",新北市,270,211,54,5,0,0,0,1.85
"109年 6月",總計,1800,1689,105,6,0,0,0,0.33
"109年 5月",連江縣,31,6,17,7,1,0,0,25.81
"109年 5月",金門縣,31,12,15,3,1,0,0,12.9
"109年 5月",嘉義市,31,22,9,0,0,0,0,0
"109年 5月",新竹市,31,21,8,2,0,0,0,6.45
"109年 5月",基隆市,31,21,8,2,0,0,0,6.45
"109年 5月",澎湖縣,31,20,9,1,1,0,0,6.45
"109年 5月",花蓮縣,31,27,3,1,0,0,0,3.23
"109年 5月",臺東縣,31,29,1,1,0,0,0,3.23
"109年 5月",屏東縣,93,77,10,6,0,0,0,6.45
"109年 5月",嘉義縣,62,45,15,2,0,0,0,3.23
"109年 5月",雲林縣,62,42,17,2,1,0,0,4.84
"109年 5月",南投縣,62,40,20,1,1,0,0,3.23
"109年 5月",彰化縣,62,48,12,2,0,0,0,3.23
"109年 5月",苗栗縣,62,49,13,0,0,0,0,0
"109年 5月",新竹縣,62,40,17,3,2,0,0,8.06
"109年 5月",宜蘭縣,62,53,8,1,0,0,0,1.61
"109年 5月",高雄市,248,192,42,13,1,0,0,5.65
"109年 5月",臺南市,124,96,24,4,0,0,0,3.23
"109年 5月",臺中市,155,107,40,7,1,0,0,5.16
"109年 5月",桃園市,124,86,30,5,2,1,0,6.45
"109年 5月",臺北市,155,108,34,11,2,0,0,8.39
"109年 5月",新北市,279,183,65,23,8,0,0,11.11
"109年 5月",總計,1860,1324,417,97,21,1,0,6.4
"109年 4月",連江縣,30,0,16,10,4,0,0,46.67
"109年 4月",金門縣,30,0,19,8,3,0,0,36.67
"109年 4月",嘉義市,30,1,25,4,0,0,0,13.33
"109年 4月",新竹市,30,6,18,6,0,0,0,20
"109年 4月",基隆市,30,7,18,5,0,0,0,16.67
"109年 4月",澎湖縣,30,1,16,12,1,0,0,43.33
"109年 4月",花蓮縣,30,15,13,2,0,0,0,6.67
"109年 4月",臺東縣,30,23,7,0,0,0,0,0
"109年 4月",屏東縣,90,6,43,28,13,0,0,45.56
"109年 4月",嘉義縣,60,1,40,18,1,0,0,31.67
"109年 4月",雲林縣,60,1,37,18,4,0,0,36.67
"109年 4月",南投縣,60,1,39,16,4,0,0,33.33
"109年 4月",彰化縣,60,17,37,6,0,0,0,10
"109年 4月",苗栗縣,60,25,34,1,0,0,0,1.67
"109年 4月",新竹縣,60,11,36,9,4,0,0,21.67
"109年 4月",宜蘭縣,60,29,27,4,0,0,0,6.67
"109年 4月",高雄市,240,11,123,95,11,0,0,44.17
"109年 4月",臺南市,120,4,77,39,0,0,0,32.5
"109年 4月",臺中市,150,36,89,23,2,0,0,16.67
"109年 4月",桃園市,120,35,69,11,5,0,0,13.33
"109年 4月",臺北市,150,47,84,16,3,0,0,12.67
"109年 4月",新北市,270,82,138,40,10,0,0,18.52
"109年 4月",總計,1800,359,1005,371,65,0,0,24.22
"109年 3月",連江縣,31,7,20,4,0,0,0,12.9
"109年 3月",金門縣,31,4,22,3,2,0,0,16.13
"109年 3月",嘉義市,31,5,19,7,0,0,0,22.58
"109年 3月",新竹市,31,11,20,0,0,0,0,0
"109年 3月",基隆市,31,15,14,2,0,0,0,6.45
"109年 3月",澎湖縣,31,10,19,2,0,0,0,6.45
"109年 3月",花蓮縣,31,25,6,0,0,0,0,0
"109年 3月",臺東縣,31,30,1,0,0,0,0,0
"109年 3月",屏東縣,93,27,51,13,2,0,0,16.13
"109年 3月",嘉義縣,62,7,42,13,0,0,0,20.97
"109年 3月",雲林縣,62,7,38,17,0,0,0,27.42
"109年 3月",南投縣,62,7,34,21,0,0,0,33.87
"109年 3月",彰化縣,62,16,42,4,0,0,0,6.45
"109年 3月",苗栗縣,62,20,41,1,0,0,0,1.61
"109年 3月",新竹縣,62,21,39,2,0,0,0,3.23
"109年 3月",宜蘭縣,62,41,20,1,0,0,0,1.61
"109年 3月",高雄市,248,13,180,53,2,0,0,22.18
"109年 3月",臺南市,124,12,86,26,0,0,0,20.97
"109年 3月",臺中市,155,29,109,16,1,0,0,10.97
"109年 3月",桃園市,124,48,68,8,0,0,0,6.45
"109年 3月",臺北市,155,72,79,4,0,0,0,2.58
"109年 3月",新北市,279,132,132,15,0,0,0,5.38
"109年 3月",總計,1860,559,1082,212,7,0,0,11.77
"109年 2月",連江縣,29,7,17,5,0,0,0,17.24
"109年 2月",金門縣,29,10,14,5,0,0,0,17.24
"109年 2月",嘉義市,29,2,18,9,0,0,0,31.03
"109年 2月",新竹市,29,14,15,0,0,0,0,0
"109年 2月",基隆市,29,19,10,0,0,0,0,0
"109年 2月",澎湖縣,29,13,15,1,0,0,0,3.45
"109年 2月",花蓮縣,29,28,1,0,0,0,0,0
"109年 2月",臺東縣,29,28,1,0,0,0,0,0
"109年 2月",屏東縣,87,36,28,22,1,0,0,26.44
"109年 2月",嘉義縣,58,6,38,14,0,0,0,24.14
"109年 2月",雲林縣,58,6,36,14,2,0,0,27.59
"109年 2月",南投縣,58,6,39,13,0,0,0,22.41
"109年 2月",彰化縣,58,18,30,9,1,0,0,17.24
"109年 2月",苗栗縣,58,28,27,3,0,0,0,5.17
"109年 2月",新竹縣,58,24,32,2,0,0,0,3.45
"109年 2月",宜蘭縣,58,46,12,0,0,0,0,0
"109年 2月",高雄市,232,31,154,47,0,0,0,20.26
"109年 2月",臺南市,116,7,80,29,0,0,0,25
"109年 2月",臺中市,145,41,86,18,0,0,0,12.41
"109年 2月",桃園市,116,45,65,6,0,0,0,5.17
"109年 2月",臺北市,145,75,70,0,0,0,0,0
"109年 2月",新北市,261,129,126,6,0,0,0,2.3
"109年 2月",總計,1740,619,914,203,4,0,0,11.9
"109年 1月",連江縣,31,14,11,6,0,0,0,19.35
"109年 1月",金門縣,31,8,18,3,2,0,0,16.13
"109年 1月",嘉義市,31,4,19,8,0,0,0,25.81
"109年 1月",新竹市,31,10,19,2,0,0,0,6.45
"109年 1月",基隆市,31,16,15,0,0,0,0,0
"109年 1月",澎湖縣,31,19,10,2,0,0,0,6.45
"109年 1月",花蓮縣,31,28,3,0,0,0,0,0
"109年 1月",臺東縣,31,28,3,0,0,0,0,0
"109年 1月",屏東縣,93,32,45,15,1,0,0,17.2
"109年 1月",嘉義縣,62,15,38,9,0,0,0,14.52
"109年 1月",雲林縣,62,13,35,13,1,0,0,22.58
"109年 1月",南投縣,62,12,42,8,0,0,0,12.9
"109年 1月",彰化縣,62,19,32,11,0,0,0,17.74
"109年 1月",苗栗縣,62,20,37,5,0,0,0,8.06
"109年 1月",新竹縣,62,25,34,3,0,0,0,4.84
"109年 1月",宜蘭縣,62,53,9,0,0,0,0,0
"109年 1月",高雄市,248,30,144,74,0,0,0,29.84
"109年 1月",臺南市,124,17,79,28,0,0,0,22.58
"109年 1月",臺中市,155,46,83,26,0,0,0,16.77
"109年 1月",桃園市,124,46,66,12,0,0,0,9.68
"109年 1月",臺北市,155,79,75,1,0,0,0,0.65
"109年 1月",新北市,279,151,123,5,0,0,0,1.79
"109年 1月",總計,1860,685,940,231,4,0,0,12.63
109年,連江縣,366,132,163,57,14,0,0,19.4
109年,金門縣,366,147,166,44,9,0,0,14.48
109年,嘉義市,366,131,186,48,1,0,0,13.39
109年,新竹市,366,226,121,16,2,1,0,5.19
109年,基隆市,366,240,114,12,0,0,0,3.28
109年,澎湖縣,366,222,120,22,2,0,0,6.56
109年,花蓮縣,366,323,40,3,0,0,0,0.82
109年,臺東縣,366,342,23,1,0,0,0,0.27
109年,屏東縣,1098,550,350,170,28,0,0,18.03
109年,嘉義縣,732,300,337,90,5,0,0,12.98
109年,雲林縣,732,284,319,108,19,2,0,17.62
109年,南投縣,732,278,321,118,15,0,0,18.17
109年,彰化縣,732,384,294,51,3,0,0,7.38
109年,苗栗縣,732,483,231,16,2,0,0,2.46
109年,新竹縣,732,444,246,30,12,0,0,5.74
109年,宜蘭縣,732,625,99,8,0,0,0,1.09
109年,高雄市,2928,994,1325,573,35,1,0,20.8
109年,臺南市,1464,547,688,224,5,0,0,15.64
109年,臺中市,1830,952,721,144,10,3,0,8.58
109年,桃園市,1463,939,445,64,12,3,0,5.4
109年,臺北市,1830,1240,530,48,12,0,0,3.28
109年,新北市,3294,2123,1007,126,38,0,0,4.98
109年,總計,21959,11906,7846,1973,224,10,0,10.05
"108年 12月",連江縣,31,10,17,4,0,0,0,12.9
"108年 12月",金門縣,31,5,22,4,0,0,0,12.9
"108年 12月",嘉義市,31,8,21,2,0,0,0,6.45
"108年 12月",新竹市,31,18,13,0,0,0,0,0
"108年 12月",基隆市,31,23,8,0,0,0,0,0
"108年 12月",澎湖縣,31,18,12,1,0,0,0,3.23
"108年 12月",花蓮縣,31,30,1,0,0,0,0,0
"108年 12月",臺東縣,31,29,2,0,0,0,0,0
"108年 12月",屏東縣,93,31,54,8,0,0,0,8.6
"108年 12月",嘉義縣,62,18,42,2,0,0,0,3.23
"108年 12月",雲林縣,61,17,40,4,0,0,0,6.56
"108年 12月",南投縣,62,14,47,1,0,0,0,1.61
"108年 12月",彰化縣,62,28,34,0,0,0,0,0
"108年 12月",苗栗縣,62,37,25,0,0,0,0,0
"108年 12月",新竹縣,62,42,20,0,0,0,0,0
"108年 12月",宜蘭縣,62,57,5,0,0,0,0,0
"108年 12月",高雄市,248,25,196,27,0,0,0,10.89
"108年 12月",臺南市,124,31,86,7,0,0,0,5.65
"108年 12月",臺中市,155,68,85,2,0,0,0,1.29
"108年 12月",桃園市,124,81,43,0,0,0,0,0
"108年 12月",臺北市,155,111,44,0,0,0,0,0
"108年 12月",新北市,279,198,81,0,0,0,0,0
"108年 12月",總計,1859,899,898,62,0,0,0,3.34
"108年 11月",連江縣,30,10,11,5,4,0,0,30
"108年 11月",金門縣,30,5,17,7,1,0,0,26.67
"108年 11月",嘉義市,30,2,22,5,1,0,0,20
"108年 11月",新竹市,30,17,10,3,0,0,0,10
"108年 11月",基隆市,30,17,11,2,0,0,0,6.67
"108年 11月",澎湖縣,30,13,13,3,1,0,0,13.33
"108年 11月",花蓮縣,30,24,6,0,0,0,0,0
"108年 11月",臺東縣,30,26,4,0,0,0,0,0
"108年 11月",屏東縣,90,19,29,34,8,0,0,46.67
"108年 11月",嘉義縣,60,8,41,9,2,0,0,18.33
"108年 11月",雲林縣,60,9,33,14,4,0,0,30
"108年 11月",南投縣,60,10,34,14,2,0,0,26.67
"108年 11月",彰化縣,60,24,32,4,0,0,0,6.67
"108年 11月",苗栗縣,60,33,25,2,0,0,0,3.33
"108年 11月",新竹縣,60,33,21,6,0,0,0,10
"108年 11月",宜蘭縣,60,48,12,0,0,0,0,0
"108年 11月",高雄市,240,0,121,103,16,0,0,49.58
"108年 11月",臺南市,120,0,83,34,3,0,0,30.83
"108年 11月",臺中市,150,63,73,7,7,0,0,9.33
"108年 11月",桃園市,120,79,35,5,1,0,0,5
"108年 11月",臺北市,150,98,48,4,0,0,0,2.67
"108年 11月",新北市,270,173,87,9,1,0,0,3.7
"108年 11月",總計,1800,711,768,270,51,0,0,17.83
"108年 10月",連江縣,31,4,10,15,2,0,0,54.84
"108年 10月",金門縣,31,0,15,12,4,0,0,51.61
"108年 10月",嘉義市,31,1,15,15,0,0,0,48.39
"108年 10月",新竹市,31,9,16,5,1,0,0,19.35
"108年 10月",基隆市,31,13,16,2,0,0,0,6.45
"108年 10月",澎湖縣,31,1,24,5,1,0,0,19.35
"108年 10月",花蓮縣,31,19,11,1,0,0,0,3.23
"108年 10月",臺東縣,31,26,5,0,0,0,0,0
"108年 10月",屏東縣,93,21,34,24,13,1,0,40.86
"108年 10月",嘉義縣,62,3,26,31,2,0,0,53.23
"108年 10月",雲林縣,58,6,24,24,4,0,0,48.28
"108年 10月",南投縣,62,3,25,32,2,0,0,54.84
"108年 10月",彰化縣,62,10,37,13,2,0,0,24.19
"108年 10月",苗栗縣,62,14,40,8,0,0,0,12.9
"108年 10月",新竹縣,62,17,32,11,2,0,0,20.97
"108年 10月",宜蘭縣,62,44,17,1,0,0,0,1.61
"108年 10月",高雄市,248,7,131,72,38,0,0,44.35
"108年 10月",臺南市,124,4,47,66,7,0,0,58.87
"108年 10月",臺中市,155,25,74,51,5,0,0,36.13
"108年 10月",桃園市,124,54,54,14,2,0,0,12.9
"108年 10月",臺北市,155,90,48,16,1,0,0,10.97
"108年 10月",新北市,279,137,110,28,4,0,0,11.47
"108年 10月",總計,1856,508,811,446,90,1,0,28.93
"108年 9月",連江縣,30,8,9,10,3,0,0,43.33
"108年 9月",金門縣,29,9,6,8,6,0,0,48.28
"108年 9月",嘉義市,30,7,14,7,2,0,0,30
"108年 9月",新竹市,30,14,12,4,0,0,0,13.33
"108年 9月",基隆市,24,20,4,0,0,0,0,0
"108年 9月",澎湖縣,30,17,9,2,2,0,0,13.33
"108年 9月",花蓮縣,30,30,0,0,0,0,0,0
"108年 9月",臺東縣,30,28,2,0,0,0,0,0
"108年 9月",屏東縣,90,38,26,15,11,0,0,28.89
"108年 9月",嘉義縣,60,13,34,12,1,0,0,21.67
"108年 9月",雲林縣,60,12,33,12,3,0,0,25
"108年 9月",南投縣,60,13,27,15,5,0,0,33.33
"108年 9月",彰化縣,60,16,37,7,0,0,0,11.67
"108年 9月",苗栗縣,59,23,34,2,0,0,0,3.39
"108年 9月",新竹縣,60,33,19,7,1,0,0,13.33
"108年 9月",宜蘭縣,60,51,9,0,0,0,0,0
"108年 9月",高雄市,240,75,75,65,24,1,0,37.5
"108年 9月",臺南市,114,24,58,26,6,0,0,28.07
"108年 9月",臺中市,150,49,76,24,1,0,0,16.67
"108年 9月",桃園市,120,78,37,5,0,0,0,4.17
"108年 9月",臺北市,150,128,19,3,0,0,0,2
"108年 9月",新北市,266,195,67,4,0,0,0,1.5
"108年 9月",總計,1782,881,607,228,65,1,0,16.5
"108年 8月",連江縣,31,14,11,4,2,0,0,19.35
"108年 8月",金門縣,31,13,17,1,0,0,0,3.23
"108年 8月",嘉義市,31,21,10,0,0,0,0,0
"108年 8月",新竹市,25,21,3,1,0,0,0,4
"108年 8月",基隆市,31,26,4,1,0,0,0,3.23
"108年 8月",澎湖縣,31,27,3,0,1,0,0,3.23
"108年 8月",花蓮縣,31,27,4,0,0,0,0,0
"108年 8月",臺東縣,31,31,0,0,0,0,0,0
"108年 8月",屏東縣,93,72,17,3,1,0,0,4.3
"108年 8月",嘉義縣,62,42,19,1,0,0,0,1.61
"108年 8月",雲林縣,62,38,23,1,0,0,0,1.61
"108年 8月",南投縣,62,36,19,7,0,0,0,11.29
"108年 8月",彰化縣,62,39,21,2,0,0,0,3.23
"108年 8月",苗栗縣,62,40,21,1,0,0,0,1.61
"108年 8月",新竹縣,62,47,11,3,1,0,0,6.45
"108年 8月",宜蘭縣,62,53,9,0,0,0,0,0
"108年 8月",高雄市,248,179,69,0,0,0,0,0
"108年 8月",臺南市,124,85,38,1,0,0,0,0.81
"108年 8月",臺中市,155,101,43,11,0,0,0,7.1
"108年 8月",桃園市,124,88,31,3,2,0,0,4.03
"108年 8月",臺北市,155,132,23,0,0,0,0,0
"108年 8月",新北市,272,219,51,2,0,0,0,0.74
"108年 8月",總計,1847,1351,447,42,7,0,0,2.65
"108年 7月",連江縣,31,25,6,0,0,0,0,0
"108年 7月",金門縣,31,23,8,0,0,0,0,0
"108年 7月",嘉義市,31,28,2,1,0,0,0,3.23
"108年 7月",新竹市,31,29,2,0,0,0,0,0
"108年 7月",基隆市,31,30,1,0,0,0,0,0
"108年 7月",澎湖縣,31,31,0,0,0,0,0,0
"108年 7月",花蓮縣,31,31,0,0,0,0,0,0
"108年 7月",臺東縣,31,31,0,0,0,0,0,0
"108年 7月",屏東縣,86,75,8,3,0,0,0,3.49
"108年 7月",嘉義縣,62,53,8,1,0,0,0,1.61
"108年 7月",雲林縣,62,48,12,1,1,0,0,3.23
"108年 7月",南投縣,53,42,9,1,1,0,0,3.77
"108年 7月",彰化縣,60,45,14,1,0,0,0,1.67
"108年 7月",苗栗縣,62,54,8,0,0,0,0,0
"108年 7月",新竹縣,62,53,7,2,0,0,0,3.23
"108年 7月",宜蘭縣,62,57,5,0,0,0,0,0
"108年 7月",高雄市,242,219,23,0,0,0,0,0
"108年 7月",臺南市,122,100,22,0,0,0,0,0
"108年 7月",臺中市,154,127,22,1,3,1,0,3.25
"108年 7月",桃園市,116,96,19,1,0,0,0,0.86
"108年 7月",臺北市,155,130,24,1,0,0,0,0.65
"108年 7月",新北市,266,218,47,1,0,0,0,0.38
"108年 7月",總計,1812,1545,247,14,5,1,0,1.1
"108年 6月",連江縣,30,12,16,1,1,0,0,6.67
"108年 6月",金門縣,30,23,5,2,0,0,0,6.67
"108年 6月",嘉義市,30,28,0,2,0,0,0,6.67
"108年 6月",新竹市,30,26,2,0,2,0,0,6.67
"108年 6月",基隆市,30,27,2,0,1,0,0,3.33
"108年 6月",澎湖縣,30,26,2,1,1,0,0,6.67
"108年 6月",花蓮縣,30,28,1,1,0,0,0,3.33
"108年 6月",臺東縣,30,29,1,0,0,0,0,0
"108年 6月",屏東縣,83,75,7,1,0,0,0,1.2
"108年 6月",嘉義縣,60,55,1,3,1,0,0,6.67
"108年 6月",雲林縣,52,46,2,1,3,0,0,7.69
"108年 6月",南投縣,60,55,3,2,0,0,0,3.33
"108年 6月",彰化縣,60,53,3,2,2,0,0,6.67
"108年 6月",苗栗縣,60,55,1,3,1,0,0,6.67
"108年 6月",新竹縣,59,51,4,2,2,0,0,6.78
"108年 6月",宜蘭縣,54,48,4,1,1,0,0,3.7
"108年 6月",高雄市,240,224,11,5,0,0,0,2.08
"108年 6月",臺南市,120,108,4,8,0,0,0,6.67
"108年 6月",臺中市,150,131,9,5,5,0,0,6.67
"108年 6月",桃園市,120,97,15,6,2,0,0,6.67
"108年 6月",臺北市,142,104,33,4,1,0,0,3.52
"108年 6月",新北市,267,196,56,13,2,0,0,5.62
"108年 6月",總計,1767,1497,182,63,25,0,0,4.98
"108年 5月",連江縣,31,1,15,13,2,0,0,48.39
"108年 5月",金門縣,31,4,21,6,0,0,0,19.35
"108年 5月",嘉義市,31,10,20,1,0,0,0,3.23
"108年 5月",新竹市,31,16,12,2,1,0,0,9.68
"108年 5月",基隆市,31,14,17,0,0,0,0,0
"108年 5月",澎湖縣,31,8,17,5,1,0,0,19.35
"108年 5月",花蓮縣,31,25,4,2,0,0,0,6.45
"108年 5月",臺東縣,31,30,1,0,0,0,0,0
"108年 5月",屏東縣,93,42,38,13,0,0,0,13.98
"108年 5月",嘉義縣,62,17,42,3,0,0,0,4.84
"108年 5月",雲林縣,62,19,36,6,1,0,0,11.29
"108年 5月",南投縣,62,29,31,2,0,0,0,3.23
"108年 5月",彰化縣,62,16,41,5,0,0,0,8.06
"108年 5月",苗栗縣,62,25,35,2,0,0,0,3.23
"108年 5月",新竹縣,62,23,33,5,1,0,0,9.68
"108年 5月",宜蘭縣,55,42,13,0,0,0,0,0
"108年 5月",高雄市,248,94,113,36,5,0,0,16.53
"108年 5月",臺南市,124,41,59,20,4,0,0,19.35
"108年 5月",臺中市,155,69,73,13,0,0,0,8.39
"108年 5月",桃園市,124,59,59,5,1,0,0,4.84
"108年 5月",臺北市,155,79,71,5,0,0,0,3.23
"108年 5月",新北市,279,157,110,12,0,0,0,4.3
"108年 5月",總計,1853,820,861,156,16,0,0,9.28
"108年 4月",連江縣,30,2,19,9,0,0,0,30
"108年 4月",金門縣,30,3,21,5,1,0,0,20
"108年 4月",嘉義市,30,8,17,5,0,0,0,16.67
"108年 4月",新竹市,30,11,17,2,0,0,0,6.67
"108年 4月",基隆市,30,8,21,1,0,0,0,3.33
"108年 4月",澎湖縣,30,10,16,3,1,0,0,13.33
"108年 4月",花蓮縣,30,21,9,0,0,0,0,0
"108年 4月",臺東縣,30,25,5,0,0,0,0,0
"108年 4月",屏東縣,90,22,47,19,2,0,0,23.33
"108年 4月",嘉義縣,60,10,45,5,0,0,0,8.33
"108年 4月",雲林縣,60,4,40,15,1,0,0,26.67
"108年 4月",南投縣,60,10,36,13,1,0,0,23.33
"108年 4月",彰化縣,60,5,50,5,0,0,0,8.33
"108年 4月",苗栗縣,60,9,45,6,0,0,0,10
"108年 4月",新竹縣,60,15,36,8,1,0,0,15
"108年 4月",宜蘭縣,60,35,25,0,0,0,0,0
"108年 4月",高雄市,240,62,131,45,2,0,0,19.58
"108年 4月",臺南市,120,29,65,26,0,0,0,21.67
"108年 4月",臺中市,150,36,93,21,0,0,0,14
"108年 4月",桃園市,120,21,84,14,1,0,0,12.5
"108年 4月",臺北市,150,29,105,14,2,0,0,10.67
"108年 4月",新北市,270,67,167,32,4,0,0,13.33
"108年 4月",總計,1800,442,1094,248,16,0,0,14.67
"108年 3月",連江縣,31,2,24,5,0,0,0,16.13
"108年 3月",金門縣,31,0,20,11,0,0,0,35.48
"108年 3月",嘉義市,31,3,16,11,1,0,0,38.71
"108年 3月",新竹市,31,8,19,4,0,0,0,12.9
"108年 3月",基隆市,31,6,24,1,0,0,0,3.23
"108年 3月",澎湖縣,31,18,13,0,0,0,0,0
"108年 3月",花蓮縣,31,19,11,1,0,0,0,3.23
"108年 3月",臺東縣,31,27,4,0,0,0,0,0
"108年 3月",屏東縣,93,16,52,22,3,0,0,26.88
"108年 3月",嘉義縣,62,5,40,16,1,0,0,27.42
"108年 3月",雲林縣,62,3,31,22,6,0,0,45.16
"108年 3月",南投縣,62,7,30,22,3,0,0,40.32
"108年 3月",彰化縣,62,10,39,12,1,0,0,20.97
"108年 3月",苗栗縣,62,12,37,12,1,0,0,20.97
"108年 3月",新竹縣,62,16,41,5,0,0,0,8.06
"108年 3月",宜蘭縣,62,29,32,1,0,0,0,1.61
"108年 3月",高雄市,248,33,132,77,6,0,0,33.47
"108年 3月",臺南市,124,17,69,36,2,0,0,30.65
"108年 3月",臺中市,155,40,83,31,1,0,0,20.65
"108年 3月",桃園市,124,34,80,10,0,0,0,8.06
"108年 3月",臺北市,155,54,90,11,0,0,0,7.1
"108年 3月",新北市,279,85,171,23,0,0,0,8.24
"108年 3月",總計,1860,444,1058,333,25,0,0,19.25
"108年 2月",連江縣,28,16,8,4,0,0,0,14.29
"108年 2月",金門縣,28,7,13,6,2,0,0,28.57
"108年 2月",嘉義市,28,0,17,10,1,0,0,39.29
"108年 2月",新竹市,28,10,14,4,0,0,0,14.29
"108年 2月",基隆市,28,21,7,0,0,0,0,0
"108年 2月",澎湖縣,28,15,13,0,0,0,0,0
"108年 2月",花蓮縣,28,28,0,0,0,0,0,0
"108年 2月",臺東縣,28,28,0,0,0,0,0,0
"108年 2月",屏東縣,84,30,37,15,2,0,0,20.24
"108年 2月",嘉義縣,56,5,35,15,1,0,0,28.57
"108年 2月",雲林縣,56,0,33,20,3,0,0,41.07
"108年 2月",南投縣,56,2,38,14,2,0,0,28.57
"108年 2月",彰化縣,56,14,37,5,0,0,0,8.93
"108年 2月",苗栗縣,56,21,31,4,0,0,0,7.14
"108年 2月",新竹縣,56,26,27,3,0,0,0,5.36
"108年 2月",宜蘭縣,56,49,7,0,0,0,0,0
"108年 2月",高雄市,224,18,147,54,5,0,0,26.34
"108年 2月",臺南市,112,5,75,32,0,0,0,28.57
"108年 2月",臺中市,140,50,77,13,0,0,0,9.29
"108年 2月",桃園市,112,63,42,7,0,0,0,6.25
"108年 2月",臺北市,140,91,47,2,0,0,0,1.43
"108年 2月",新北市,252,158,87,7,0,0,0,2.78
"108年 2月",總計,1680,657,792,215,16,0,0,13.75
"108年 1月",連江縣,31,9,14,5,3,0,0,25.81
"108年 1月",金門縣,31,2,18,9,2,0,0,35.48
"108年 1月",嘉義市,31,2,14,9,6,0,0,48.39
"108年 1月",新竹市,31,8,19,4,0,0,0,12.9
"108年 1月",基隆市,31,22,9,0,0,0,0,0
"108年 1月",澎湖縣,31,9,21,1,0,0,0,3.23
"108年 1月",花蓮縣,31,28,3,0,0,0,0,0
"108年 1月",臺東縣,31,27,4,0,0,0,0,0
"108年 1月",屏東縣,93,25,18,49,1,0,0,53.76
"108年 1月",嘉義縣,62,7,28,23,4,0,0,43.55
"108年 1月",雲林縣,62,5,29,20,8,0,0,45.16
"108年 1月",南投縣,61,10,39,11,1,0,0,19.67
"108年 1月",彰化縣,62,14,35,12,1,0,0,20.97
"108年 1月",苗栗縣,62,21,37,4,0,0,0,6.45
"108年 1月",新竹縣,62,30,31,1,0,0,0,1.61
"108年 1月",宜蘭縣,62,49,13,0,0,0,0,0
"108年 1月",高雄市,248,0,86,138,24,0,0,65.32
"108年 1月",臺南市,124,6,60,41,17,0,0,46.77
"108年 1月",臺中市,155,65,76,14,0,0,0,9.03
"108年 1月",桃園市,124,68,52,4,0,0,0,3.23
"108年 1月",臺北市,155,94,61,0,0,0,0,0
"108年 1月",新北市,279,167,111,1,0,0,0,0.36
"108年 1月",總計,1859,668,778,346,67,0,0,22.22
108年,連江縣,365,113,160,75,17,0,0,25.21
108年,金門縣,364,94,183,71,16,0,0,23.9
108年,嘉義市,365,118,168,68,11,0,0,21.64
108年,新竹市,359,187,139,29,4,0,0,9.19
108年,基隆市,359,227,124,7,1,0,0,2.23
108年,澎湖縣,365,193,143,21,8,0,0,7.95
108年,花蓮縣,365,310,50,5,0,0,0,1.37
108年,臺東縣,365,337,28,0,0,0,0,0
108年,屏東縣,1081,466,367,206,41,1,0,22.94
108年,嘉義縣,730,236,361,121,12,0,0,18.22
108年,雲林縣,717,207,336,140,34,0,0,24.27
108年,南投縣,720,231,338,134,17,0,0,20.97
108年,彰化縣,728,274,380,68,6,0,0,10.16
108年,苗栗縣,729,344,339,44,2,0,0,6.31
108年,新竹縣,729,386,282,53,8,0,0,8.37
108年,宜蘭縣,717,562,151,3,1,0,0,0.56
108年,高雄市,2914,936,1235,622,120,1,0,25.5
108年,臺南市,1452,450,666,297,39,0,0,23.14
108年,臺中市,1824,824,784,193,22,1,0,11.84
108年,桃園市,1452,818,551,74,9,0,0,5.72
108年,臺北市,1817,1140,613,60,4,0,0,3.52
108年,新北市,3258,1970,1145,132,11,0,0,4.39
108年,總計,21775,10423,8543,2423,383,3,0,12.9
"107年 12月",連江縣,31,8,21,2,0,0,0,6.45
"107年 12月",金門縣,31,8,17,4,2,0,0,19.35
"107年 12月",嘉義市,31,8,18,4,1,0,0,16.13
"107年 12月",新竹市,31,15,10,6,0,0,0,19.35
"107年 12月",基隆市,31,26,5,0,0,0,0,0
"107年 12月",澎湖縣,31,18,11,2,0,0,0,6.45
"107年 12月",花蓮縣,31,30,1,0,0,0,0,0
"107年 12月",臺東縣,31,30,1,0,0,0,0,0
"107年 12月",屏東縣,93,28,25,37,3,0,0,43.01
"107年 12月",嘉義縣,62,12,35,15,0,0,0,24.19
"107年 12月",雲林縣,62,17,32,12,1,0,0,20.97
"107年 12月",南投縣,62,16,36,9,1,0,0,16.13
"107年 12月",彰化縣,62,33,19,10,0,0,0,16.13
"107年 12月",苗栗縣,62,33,22,7,0,0,0,11.29
"107年 12月",新竹縣,62,40,18,3,1,0,0,6.45
"107年 12月",宜蘭縣,62,55,7,0,0,0,0,0
"107年 12月",高雄市,248,3,140,89,16,0,0,42.34
"107年 12月",臺南市,124,10,88,21,5,0,0,20.97
"107年 12月",臺中市,155,91,49,15,0,0,0,9.68
"107年 12月",桃園市,124,79,31,14,0,0,0,11.29
"107年 12月",臺北市,155,113,42,0,0,0,0,0
"107年 12月",新北市,279,199,74,6,0,0,0,2.15
"107年 12月",總計,1860,872,702,256,30,0,0,15.38
"107年 11月",連江縣,30,7,22,1,0,0,0,3.33
"107年 11月",金門縣,30,4,26,0,0,0,0,0
"107年 11月",嘉義市,30,2,18,8,2,0,0,33.33
"107年 11月",新竹市,30,13,15,2,0,0,0,6.67
"107年 11月",基隆市,30,23,7,0,0,0,0,0
"107年 11月",澎湖縣,30,11,18,1,0,0,0,3.33
"107年 11月",花蓮縣,30,30,0,0,0,0,0,0
"107年 11月",臺東縣,30,30,0,0,0,0,0,0
"107年 11月",屏東縣,89,28,27,28,6,0,0,38.2
"107年 11月",嘉義縣,60,5,39,13,3,0,0,26.67
"107年 11月",雲林縣,60,10,30,16,4,0,0,33.33
"107年 11月",南投縣,60,5,33,19,3,0,0,36.67
"107年 11月",彰化縣,59,17,29,13,0,0,0,22.03
"107年 11月",苗栗縣,60,19,33,8,0,0,0,13.33
"107年 11月",新竹縣,60,33,25,2,0,0,0,3.33
"107年 11月",宜蘭縣,60,56,4,0,0,0,0,0
"107年 11月",高雄市,240,11,104,101,23,1,0,52.08
"107年 11月",臺南市,120,7,68,35,10,0,0,37.5
"107年 11月",臺中市,150,62,60,26,2,0,0,18.67
"107年 11月",桃園市,120,78,34,6,2,0,0,6.67
"107年 11月",臺北市,150,111,34,5,0,0,0,3.33
"107年 11月",新北市,270,195,64,11,0,0,0,4.07
"107年 11月",總計,1798,757,690,295,55,1,0,19.52
"107年 10月",連江縣,31,3,9,11,7,1,0,61.29
"107年 10月",金門縣,31,1,12,11,7,0,0,58.06
"107年 10月",嘉義市,31,0,12,16,3,0,0,61.29
"107年 10月",新竹市,31,7,22,2,0,0,0,6.45
"107年 10月",基隆市,31,13,14,3,1,0,0,12.9
"107年 10月",澎湖縣,31,2,14,8,7,0,0,48.39
"107年 10月",花蓮縣,31,19,11,1,0,0,0,3.23
"107年 10月",臺東縣,31,25,6,0,0,0,0,0
"107年 10月",屏東縣,93,14,29,39,11,0,0,53.76
"107年 10月",嘉義縣,62,4,26,25,7,0,0,51.61
"107年 10月",雲林縣,62,5,24,25,8,0,0,53.23
"107年 10月",南投縣,61,2,30,21,8,0,0,47.54
"107年 10月",彰化縣,62,11,30,17,4,0,0,33.87
"107年 10月",苗栗縣,62,13,39,10,0,0,0,16.13
"107年 10月",新竹縣,62,26,27,8,1,0,0,14.52
"107年 10月",宜蘭縣,62,38,20,4,0,0,0,6.45
"107年 10月",高雄市,248,1,73,126,43,5,0,70.16
"107年 10月",臺南市,124,0,48,58,18,0,0,61.29
"107年 10月",臺中市,155,35,80,35,5,0,0,25.81
"107年 10月",桃園市,124,53,53,17,1,0,0,14.52
"107年 10月",臺北市,155,76,70,8,1,0,0,5.81
"107年 10月",新北市,279,125,119,31,4,0,0,12.54
"107年 10月",總計,1859,473,768,476,136,6,0,33.24
"107年 9月",連江縣,30,8,15,6,1,0,0,23.33
"107年 9月",金門縣,30,6,19,3,2,0,0,16.67
"107年 9月",嘉義市,30,12,17,0,1,0,0,3.33
"107年 9月",新竹市,30,7,21,2,0,0,0,6.67
"107年 9月",基隆市,30,18,12,0,0,0,0,0
"107年 9月",澎湖縣,30,15,13,1,1,0,0,6.67
"107年 9月",花蓮縣,30,29,1,0,0,0,0,0
"107年 9月",臺東縣,30,29,1,0,0,0,0,0
"107年 9月",屏東縣,89,46,37,6,0,0,0,6.74
"107年 9月",嘉義縣,60,11,46,1,2,0,0,5
"107年 9月",雲林縣,60,13,41,5,1,0,0,10
"107年 9月",南投縣,60,25,32,2,1,0,0,5
"107年 9月",彰化縣,60,11,40,9,0,0,0,15
"107年 9月",苗栗縣,60,13,42,5,0,0,0,8.33
"107年 9月",新竹縣,60,32,26,2,0,0,0,3.33
"107年 9月",宜蘭縣,60,53,7,0,0,0,0,0
"107年 9月",高雄市,240,90,129,21,0,0,0,8.75
"107年 9月",臺南市,120,44,70,3,3,0,0,5
"107年 9月",臺中市,150,53,90,7,0,0,0,4.67
"107年 9月",桃園市,120,47,64,9,0,0,0,7.5
"107年 9月",臺北市,150,85,59,6,0,0,0,4
"107年 9月",新北市,270,163,90,17,0,0,0,6.3
"107年 9月",總計,1799,810,872,105,12,0,0,6.5
"107年 8月",連江縣,31,17,12,2,0,0,0,6.45
"107年 8月",金門縣,31,12,16,3,0,0,0,9.68
"107年 8月",嘉義市,31,26,5,0,0,0,0,0
"107年 8月",新竹市,31,19,12,0,0,0,0,0
"107年 8月",基隆市,31,25,6,0,0,0,0,0
"107年 8月",澎湖縣,31,28,3,0,0,0,0,0
"107年 8月",花蓮縣,31,28,3,0,0,0,0,0
"107年 8月",臺東縣,31,31,0,0,0,0,0,0
"107年 8月",屏東縣,93,83,10,0,0,0,0,0
"107年 8月",嘉義縣,61,44,17,0,0,0,0,0
"107年 8月",雲林縣,62,44,16,2,0,0,0,3.23
"107年 8月",南投縣,62,46,16,0,0,0,0,0
"107年 8月",彰化縣,61,40,21,0,0,0,0,0
"107年 8月",苗栗縣,62,34,28,0,0,0,0,0
"107年 8月",新竹縣,62,45,17,0,0,0,0,0
"107年 8月",宜蘭縣,62,51,11,0,0,0,0,0
"107年 8月",高雄市,247,217,30,0,0,0,0,0
"107年 8月",臺南市,124,111,13,0,0,0,0,0
"107年 8月",臺中市,155,111,43,1,0,0,0,0.65
"107年 8月",桃園市,124,64,60,0,0,0,0,0
"107年 8月",臺北市,155,96,58,1,0,0,0,0.65
"107年 8月",新北市,279,194,83,2,0,0,0,0.72
"107年 8月",總計,1857,1366,480,11,0,0,0,0.59
"107年 7月",連江縣,31,15,15,1,0,0,0,3.23
"107年 7月",金門縣,31,19,10,2,0,0,0,6.45
"107年 7月",嘉義市,31,24,6,1,0,0,0,3.23
"107年 7月",新竹市,31,17,14,0,0,0,0,0
"107年 7月",基隆市,31,23,6,2,0,0,0,6.45
"107年 7月",澎湖縣,31,30,1,0,0,0,0,0
"107年 7月",花蓮縣,31,31,0,0,0,0,0,0
"107年 7月",臺東縣,31,31,0,0,0,0,0,0
"107年 7月",屏東縣,93,75,18,0,0,0,0,0
"107年 7月",嘉義縣,62,40,22,0,0,0,0,0
"107年 7月",雲林縣,62,37,22,3,0,0,0,4.84
"107年 7月",南投縣,62,42,16,3,1,0,0,6.45
"107年 7月",彰化縣,62,30,29,3,0,0,0,4.84
"107年 7月",苗栗縣,62,32,27,2,1,0,0,4.84
"107年 7月",新竹縣,60,40,20,0,0,0,0,0
"107年 7月",宜蘭縣,62,50,12,0,0,0,0,0
"107年 7月",高雄市,248,203,45,0,0,0,0,0
"107年 7月",臺南市,124,91,32,1,0,0,0,0.81
"107年 7月",臺中市,155,96,43,11,5,0,0,10.32
"107年 7月",桃園市,124,77,46,1,0,0,0,0.81
"107年 7月",臺北市,155,117,38,0,0,0,0,0
"107年 7月",新北市,279,210,64,4,1,0,0,1.79
"107年 7月",總計,1858,1330,486,34,8,0,0,2.26
"107年 6月",連江縣,30,13,9,5,3,0,0,26.67
"107年 6月",金門縣,30,14,12,4,0,0,0,13.33
"107年 6月",嘉義市,30,18,8,3,1,0,0,13.33
"107年 6月",新竹市,30,20,8,2,0,0,0,6.67
"107年 6月",基隆市,30,21,7,0,2,0,0,6.67
"107年 6月",澎湖縣,30,19,6,3,2,0,0,16.67
"107年 6月",花蓮縣,30,25,3,2,0,0,0,6.67
"107年 6月",臺東縣,30,28,1,1,0,0,0,3.33
"107年 6月",屏東縣,90,64,17,6,3,0,0,10
"107年 6月",嘉義縣,60,28,23,7,2,0,0,15
"107年 6月",雲林縣,58,26,19,8,5,0,0,22.41
"107年 6月",南投縣,60,36,15,6,3,0,0,15
"107年 6月",彰化縣,60,26,31,1,2,0,0,5
"107年 6月",苗栗縣,60,21,30,5,4,0,0,15
"107年 6月",新竹縣,60,44,14,0,2,0,0,3.33
"107年 6月",宜蘭縣,60,41,16,1,2,0,0,5
"107年 6月",高雄市,240,166,53,17,4,0,0,8.75
"107年 6月",臺南市,120,74,34,12,0,0,0,10
"107年 6月",臺中市,150,83,36,22,9,0,0,20.67
"107年 6月",桃園市,120,73,37,8,2,0,0,8.33
"107年 6月",臺北市,150,95,43,8,4,0,0,8
"107年 6月",新北市,270,163,77,22,8,0,0,11.11
"107年 6月",總計,1798,1098,499,143,58,0,0,11.18
"107年 5月",連江縣,31,3,18,9,1,0,0,32.26
"107年 5月",金門縣,31,6,21,4,0,0,0,12.9
"107年 5月",嘉義市,31,15,14,2,0,0,0,6.45
"107年 5月",新竹市,31,15,16,0,0,0,0,0
"107年 5月",基隆市,31,5,22,4,0,0,0,12.9
"107年 5月",澎湖縣,31,23,8,0,0,0,0,0
"107年 5月",花蓮縣,31,27,3,1,0,0,0,3.23
"107年 5月",臺東縣,31,30,1,0,0,0,0,0
"107年 5月",屏東縣,93,56,33,4,0,0,0,4.3
"107年 5月",嘉義縣,62,24,33,5,0,0,0,8.06
"107年 5月",雲林縣,62,21,29,10,2,0,0,19.35
"107年 5月",南投縣,62,23,31,7,1,0,0,12.9
"107年 5月",彰化縣,62,15,45,1,1,0,0,3.23
"107年 5月",苗栗縣,62,16,44,2,0,0,0,3.23
"107年 5月",新竹縣,62,10,52,0,0,0,0,0
"107年 5月",宜蘭縣,62,26,35,1,0,0,0,1.61
"107年 5月",高雄市,248,143,80,23,2,0,0,10.08
"107年 5月",臺南市,124,70,48,6,0,0,0,4.84
"107年 5月",臺中市,155,69,72,13,1,0,0,9.03
"107年 5月",桃園市,124,24,95,5,0,0,0,4.03
"107年 5月",臺北市,155,32,110,13,0,0,0,8.39
"107年 5月",新北市,279,40,199,38,2,0,0,14.34
"107年 5月",總計,1860,693,1009,148,10,0,0,8.49
"107年 4月",連江縣,30,0,16,12,1,1,0,46.67
"107年 4月",金門縣,30,0,14,12,4,0,0,53.33
"107年 4月",嘉義市,30,4,15,11,0,0,0,36.67
"107年 4月",新竹市,30,1,21,8,0,0,0,26.67
"107年 4月",基隆市,30,5,20,5,0,0,0,16.67
"107年 4月",澎湖縣,30,7,20,3,0,0,0,10
"107年 4月",花蓮縣,30,19,10,1,0,0,0,3.33
"107年 4月",臺東縣,30,25,5,0,0,0,0,0
"107年 4月",屏東縣,90,25,46,17,2,0,0,21.11
"107年 4月",嘉義縣,60,5,27,27,1,0,0,46.67
"107年 4月",雲林縣,59,5,22,28,4,0,0,54.24
"107年 4月",南投縣,60,4,31,23,2,0,0,41.67
"107年 4月",彰化縣,60,5,31,24,0,0,0,40
"107年 4月",苗栗縣,60,6,32,21,1,0,0,36.67
"107年 4月",新竹縣,60,4,39,16,1,0,0,28.33
"107年 4月",宜蘭縣,60,16,42,2,0,0,0,3.33
"107年 4月",高雄市,240,32,131,71,6,0,0,32.08
"107年 4月",臺南市,120,16,74,30,0,0,0,25
"107年 4月",臺中市,150,22,72,46,10,0,0,37.33
"107年 4月",桃園市,118,10,75,30,3,0,0,27.97
"107年 4月",臺北市,150,21,112,15,2,0,0,11.33
"107年 4月",新北市,270,24,202,38,6,0,0,16.3
"107年 4月",總計,1797,256,1057,440,43,1,0,26.93
"107年 3月",連江縣,31,1,25,5,0,0,0,16.13
"107年 3月",金門縣,31,0,21,8,2,0,0,32.26
"107年 3月",嘉義市,31,3,14,13,1,0,0,45.16
"107年 3月",新竹市,31,3,21,5,2,0,0,22.58
"107年 3月",基隆市,31,17,13,1,0,0,0,3.23
"107年 3月",澎湖縣,31,6,23,2,0,0,0,6.45
"107年 3月",花蓮縣,31,26,5,0,0,0,0,0
"107年 3月",臺東縣,31,26,5,0,0,0,0,0
"107年 3月",屏東縣,93,30,26,25,12,0,0,39.78
"107年 3月",嘉義縣,62,3,26,26,7,0,0,53.23
"107年 3月",雲林縣,62,3,24,28,7,0,0,56.45
"107年 3月",南投縣,62,3,31,26,2,0,0,45.16
"107年 3月",彰化縣,62,4,36,17,5,0,0,35.48
"107年 3月",苗栗縣,62,4,39,17,2,0,0,30.65
"107年 3月",新竹縣,62,13,37,10,2,0,0,19.35
"107年 3月",宜蘭縣,62,36,24,2,0,0,0,3.23
"107年 3月",高雄市,248,11,96,131,10,0,0,56.85
"107年 3月",臺南市,124,11,59,49,5,0,0,43.55
"107年 3月",臺中市,155,19,89,40,7,0,0,30.32
"107年 3月",桃園市,123,37,63,21,2,0,0,18.7
"107年 3月",臺北市,155,77,70,4,4,0,0,5.16
"107年 3月",新北市,279,98,157,18,6,0,0,8.6
"107年 3月",總計,1859,431,904,448,76,0,0,28.19
"107年 2月",連江縣,28,2,18,7,1,0,0,28.57
"107年 2月",金門縣,28,0,17,9,2,0,0,39.29
"107年 2月",嘉義市,28,2,11,11,4,0,0,53.57
"107年 2月",新竹市,28,3,17,8,0,0,0,28.57
"107年 2月",基隆市,28,10,17,1,0,0,0,3.57
"107年 2月",澎湖縣,28,3,24,1,0,0,0,3.57
"107年 2月",花蓮縣,28,26,2,0,0,0,0,0
"107年 2月",臺東縣,28,27,1,0,0,0,0,0
"107年 2月",屏東縣,84,26,31,23,4,0,0,32.14
"107年 2月",嘉義縣,56,3,25,25,3,0,0,50
"107年 2月",雲林縣,56,3,26,25,2,0,0,48.21
"107年 2月",南投縣,56,2,29,23,2,0,0,44.64
"107年 2月",彰化縣,56,3,33,19,1,0,0,35.71
"107年 2月",苗栗縣,56,10,39,7,0,0,0,12.5
"107年 2月",新竹縣,56,10,38,8,0,0,0,14.29
"107年 2月",宜蘭縣,56,39,17,0,0,0,0,0
"107年 2月",高雄市,224,5,97,104,18,0,0,54.46
"107年 2月",臺南市,112,6,52,48,6,0,0,48.21
"107年 2月",臺中市,140,36,80,24,0,0,0,17.14
"107年 2月",桃園市,112,26,70,16,0,0,0,14.29
"107年 2月",臺北市,140,55,81,4,0,0,0,2.86
"107年 2月",新北市,252,61,172,19,0,0,0,7.54
"107年 2月",總計,1680,358,897,382,43,0,0,25.3
"107年 1月",連江縣,31,11,15,3,2,0,0,16.13
"107年 1月",金門縣,31,7,15,7,2,0,0,29.03
"107年 1月",嘉義市,31,3,17,7,4,0,0,35.48
"107年 1月",新竹市,31,17,13,1,0,0,0,3.23
"107年 1月",基隆市,31,26,5,0,0,0,0,0
"107年 1月",澎湖縣,31,19,11,0,1,0,0,3.23
"107年 1月",花蓮縣,31,29,2,0,0,0,0,0
"107年 1月",臺東縣,31,31,0,0,0,0,0,0
"107年 1月",屏東縣,93,31,31,19,12,0,0,33.33
"107年 1月",嘉義縣,62,13,38,11,0,0,0,17.74
"107年 1月",雲林縣,62,8,39,13,2,0,0,24.19
"107年 1月",南投縣,62,5,41,10,6,0,0,25.81
"107年 1月",彰化縣,62,21,34,7,0,0,0,11.29
"107年 1月",苗栗縣,62,28,29,5,0,0,0,8.06
"107年 1月",新竹縣,62,39,21,2,0,0,0,3.23
"107年 1月",宜蘭縣,62,54,8,0,0,0,0,0
"107年 1月",高雄市,248,9,114,93,32,0,0,50.4
"107年 1月",臺南市,124,19,70,27,8,0,0,28.23
"107年 1月",臺中市,155,92,51,12,0,0,0,7.74
"107年 1月",桃園市,124,84,40,0,0,0,0,0
"107年 1月",臺北市,155,115,40,0,0,0,0,0
"107年 1月",新北市,279,194,85,0,0,0,0,0
"107年 1月",總計,1860,855,719,217,69,0,0,15.38
107年,連江縣,365,88,195,64,16,2,0,22.47
107年,金門縣,365,77,200,67,21,0,0,24.11
107年,嘉義市,365,117,155,76,17,0,0,25.48
107年,新竹市,365,137,190,36,2,0,0,10.41
107年,基隆市,365,212,134,16,3,0,0,5.21
107年,澎湖縣,365,181,152,21,11,0,0,8.77
107年,花蓮縣,365,319,41,5,0,0,0,1.37
107年,臺東縣,365,343,21,1,0,0,0,0.27
107年,屏東縣,1093,506,330,204,53,0,0,23.51
107年,嘉義縣,729,192,357,155,25,0,0,24.69
107年,雲林縣,727,192,324,175,36,0,0,29.02
107年,南投縣,729,209,341,149,30,0,0,24.55
107年,彰化縣,728,216,378,121,13,0,0,18.41
107年,苗栗縣,730,229,404,89,8,0,0,13.29
107年,新竹縣,728,336,334,51,7,0,0,7.97
107年,宜蘭縣,730,515,203,10,2,0,0,1.64
107年,高雄市,2919,891,1092,776,154,6,0,32.07
107年,臺南市,1460,459,656,290,55,0,0,23.63
107年,臺中市,1825,769,765,252,39,0,0,15.95
107年,桃園市,1457,652,668,127,10,0,0,9.4
107年,臺北市,1825,993,757,64,11,0,0,4.11
107年,新北市,3285,1666,1386,206,27,0,0,7.09
107年,總計,21885,9299,9083,2955,540,8,0,16.01
"106年 12月",連江縣,31,2,15,13,1,0,0,45.16
"106年 12月",金門縣,31,0,12,16,3,0,0,61.29
"106年 12月",嘉義市,31,0,18,9,4,0,0,41.94
"106年 12月",新竹市,31,15,12,4,0,0,0,12.9
"106年 12月",基隆市,31,23,6,2,0,0,0,6.45
"106年 12月",澎湖縣,31,10,20,1,0,0,0,3.23
"106年 12月",花蓮縣,31,24,6,1,0,0,0,3.23
"106年 12月",臺東縣,31,27,3,1,0,0,0,3.23
"106年 12月",屏東縣,93,26,31,29,7,0,0,38.71
"106年 12月",嘉義縣,62,2,37,22,1,0,0,37.1
"106年 12月",雲林縣,62,2,36,22,2,0,0,38.71
"106年 12月",南投縣,62,5,28,17,12,0,0,46.77
"106年 12月",彰化縣,62,16,31,11,4,0,0,24.19
"106年 12月",苗栗縣,62,20,36,6,0,0,0,9.68
"106年 12月",新竹縣,62,26,28,8,0,0,0,12.9
"106年 12月",宜蘭縣,62,46,14,2,0,0,0,3.23
"106年 12月",高雄市,248,0,107,120,21,0,0,56.85
"106年 12月",臺南市,124,1,80,36,7,0,0,34.68
"106年 12月",臺中市,155,64,69,16,6,0,0,14.19
"106年 12月",桃園市,124,72,38,14,0,0,0,11.29
"106年 12月",臺北市,155,99,48,8,0,0,0,5.16
"106年 12月",新北市,279,164,94,21,0,0,0,7.53
"106年 12月",總計,1860,644,769,379,68,0,0,24.03
"106年 11月",連江縣,30,5,17,7,0,1,0,26.67
"106年 11月",金門縣,30,1,23,5,1,0,0,20
"106年 11月",嘉義市,30,0,20,10,0,0,0,33.33
"106年 11月",新竹市,30,18,10,2,0,0,0,6.67
"106年 11月",基隆市,30,23,7,0,0,0,0,0
"106年 11月",澎湖縣,30,16,12,2,0,0,0,6.67
"106年 11月",花蓮縣,30,29,1,0,0,0,0,0
"106年 11月",臺東縣,30,28,2,0,0,0,0,0
"106年 11月",屏東縣,90,28,15,39,7,1,0,52.22
"106年 11月",嘉義縣,60,4,44,11,1,0,0,20
"106年 11月",雲林縣,60,5,41,13,1,0,0,23.33
"106年 11月",南投縣,60,4,34,18,4,0,0,36.67
"106年 11月",彰化縣,60,28,27,4,1,0,0,8.33
"106年 11月",苗栗縣,60,27,30,2,1,0,0,5
"106年 11月",新竹縣,59,37,19,3,0,0,0,5.08
"106年 11月",宜蘭縣,60,58,2,0,0,0,0,0
"106年 11月",高雄市,240,0,111,102,27,0,0,53.75
"106年 11月",臺南市,120,1,86,33,0,0,0,27.5
"106年 11月",臺中市,150,89,48,10,3,0,0,8.67
"106年 11月",桃園市,116,85,22,9,0,0,0,7.76
"106年 11月",臺北市,149,115,33,1,0,0,0,0.67
"106年 11月",新北市,270,196,69,5,0,0,0,1.85
"106年 11月",總計,1794,797,673,276,46,2,0,18.06
"106年 10月",連江縣,31,8,16,6,1,0,0,22.58
"106年 10月",金門縣,31,9,14,7,1,0,0,25.81
"106年 10月",嘉義市,31,4,15,12,0,0,0,38.71
"106年 10月",新竹市,31,16,13,2,0,0,0,6.45
"106年 10月",基隆市,31,19,11,1,0,0,0,3.23
"106年 10月",澎湖縣,31,11,18,2,0,0,0,6.45
"106年 10月",花蓮縣,31,23,8,0,0,0,0,0
"106年 10月",臺東縣,31,26,5,0,0,0,0,0
"106年 10月",屏東縣,93,29,29,28,7,0,0,37.63
"106年 10月",嘉義縣,62,10,30,22,0,0,0,35.48
"106年 10月",雲林縣,62,10,31,20,1,0,0,33.87
"106年 10月",南投縣,62,11,33,16,2,0,0,29.03
"106年 10月",彰化縣,62,19,35,8,0,0,0,12.9
"106年 10月",苗栗縣,62,20,31,11,0,0,0,17.74
"106年 10月",新竹縣,62,34,24,4,0,0,0,6.45
"106年 10月",宜蘭縣,61,38,23,0,0,0,0,0
"106年 10月",高雄市,248,21,109,94,24,0,0,47.58
"106年 10月",臺南市,124,15,69,40,0,0,0,32.26
"106年 10月",臺中市,155,46,78,25,6,0,0,20
"106年 10月",桃園市,124,74,42,4,4,0,0,6.45
"106年 10月",臺北市,155,95,56,2,2,0,0,2.58
"106年 10月",新北市,279,162,98,14,5,0,0,6.81
"106年 10月",總計,1859,700,788,318,53,0,0,19.96
"106年 9月",連江縣,30,8,16,4,2,0,0,20
"106年 9月",金門縣,30,8,13,4,5,0,0,30
"106年 9月",嘉義市,30,7,14,8,1,0,0,30
"106年 9月",新竹市,30,15,10,5,0,0,0,16.67
"106年 9月",基隆市,30,12,15,1,2,0,0,10
"106年 9月",澎湖縣,30,18,12,0,0,0,0,0
"106年 9月",花蓮縣,30,26,3,1,0,0,0,3.33
"106年 9月",臺東縣,30,28,2,0,0,0,0,0
"106年 9月",屏東縣,90,45,25,17,3,0,0,22.22
"106年 9月",嘉義縣,60,18,25,15,2,0,0,28.33
"106年 9月",雲林縣,60,10,31,13,6,0,0,31.67
"106年 9月",南投縣,60,7,36,10,7,0,0,28.33
"106年 9月",彰化縣,60,9,37,14,0,0,0,23.33
"106年 9月",苗栗縣,60,8,39,11,2,0,0,21.67
"106年 9月",新竹縣,60,15,32,12,1,0,0,21.67
"106年 9月",宜蘭縣,60,43,14,2,1,0,0,5
"106年 9月",高雄市,240,64,131,37,8,0,0,18.75
"106年 9月",臺南市,120,39,57,19,5,0,0,20
"106年 9月",臺中市,150,27,80,32,11,0,0,28.67
"106年 9月",桃園市,120,39,57,15,7,2,0,20
"106年 9月",臺北市,150,49,84,11,5,1,0,11.33
"106年 9月",新北市,270,101,123,24,21,1,0,17.04
"106年 9月",總計,1800,596,856,255,89,4,0,19.33
"106年 8月",連江縣,30,17,13,0,0,0,0,0
"106年 8月",金門縣,31,19,11,1,0,0,0,3.23
"106年 8月",嘉義市,31,21,10,0,0,0,0,0
"106年 8月",新竹市,31,27,3,1,0,0,0,3.23
"106年 8月",基隆市,31,13,17,1,0,0,0,3.23
"106年 8月",澎湖縣,31,30,1,0,0,0,0,0
"106年 8月",花蓮縣,31,25,6,0,0,0,0,0
"106年 8月",臺東縣,31,31,0,0,0,0,0,0
"106年 8月",屏東縣,93,65,23,5,0,0,0,5.38
"106年 8月",嘉義縣,62,46,16,0,0,0,0,0
"106年 8月",雲林縣,61,37,21,3,0,0,0,4.92
"106年 8月",南投縣,62,35,23,4,0,0,0,6.45
"106年 8月",彰化縣,62,36,23,3,0,0,0,4.84
"106年 8月",苗栗縣,62,36,25,1,0,0,0,1.61
"106年 8月",新竹縣,62,33,27,2,0,0,0,3.23
"106年 8月",宜蘭縣,62,32,29,1,0,0,0,1.61
"106年 8月",高雄市,248,145,99,4,0,0,0,1.61
"106年 8月",臺南市,123,95,28,0,0,0,0,0
"106年 8月",臺中市,155,98,44,11,2,0,0,8.39
"106年 8月",桃園市,124,81,38,5,0,0,0,4.03
"106年 8月",臺北市,155,68,78,9,0,0,0,5.81
"106年 8月",新北市,279,138,119,18,4,0,0,7.89
"106年 8月",總計,1857,1128,654,69,6,0,0,4.04
"106年 7月",連江縣,30,23,4,2,1,0,0,10
"106年 7月",金門縣,31,24,7,0,0,0,0,0
"106年 7月",嘉義市,31,18,13,0,0,0,0,0
"106年 7月",新竹市,31,27,4,0,0,0,0,0
"106年 7月",基隆市,31,24,6,1,0,0,0,3.23
"106年 7月",澎湖縣,30,29,1,0,0,0,0,0
"106年 7月",花蓮縣,31,31,0,0,0,0,0,0
"106年 7月",臺東縣,31,30,1,0,0,0,0,0
"106年 7月",屏東縣,93,68,19,5,1,0,0,6.45
"106年 7月",嘉義縣,62,34,26,2,0,0,0,3.23
"106年 7月",雲林縣,62,28,30,4,0,0,0,6.45
"106年 7月",南投縣,62,30,29,3,0,0,0,4.84
"106年 7月",彰化縣,62,40,20,2,0,0,0,3.23
"106年 7月",苗栗縣,62,43,19,0,0,0,0,0
"106年 7月",新竹縣,62,37,24,1,0,0,0,1.61
"106年 7月",宜蘭縣,61,61,0,0,0,0,0,0
"106年 7月",高雄市,248,161,77,9,1,0,0,4.03
"106年 7月",臺南市,123,73,48,2,0,0,0,1.63
"106年 7月",臺中市,155,103,48,4,0,0,0,2.58
"106年 7月",桃園市,124,74,48,2,0,0,0,1.61
"106年 7月",臺北市,152,97,49,4,2,0,0,3.95
"106年 7月",新北市,279,172,93,13,1,0,0,5.02
"106年 7月",總計,1853,1227,566,54,6,0,0,3.24
"106年 6月",連江縣,30,15,14,0,1,0,0,3.33
"106年 6月",金門縣,30,17,13,0,0,0,0,0
"106年 6月",嘉義市,30,25,5,0,0,0,0,0
"106年 6月",新竹市,30,28,2,0,0,0,0,0
"106年 6月",基隆市,30,16,14,0,0,0,0,0
"106年 6月",澎湖縣,30,29,1,0,0,0,0,0
"106年 6月",花蓮縣,30,30,0,0,0,0,0,0
"106年 6月",臺東縣,30,30,0,0,0,0,0,0
"106年 6月",屏東縣,89,86,2,1,0,0,0,1.12
"106年 6月",嘉義縣,60,51,9,0,0,0,0,0
"106年 6月",雲林縣,60,48,12,0,0,0,0,0
"106年 6月",南投縣,60,48,12,0,0,0,0,0
"106年 6月",彰化縣,60,50,10,0,0,0,0,0
"106年 6月",苗栗縣,60,54,6,0,0,0,0,0
"106年 6月",新竹縣,60,41,19,0,0,0,0,0
"106年 6月",宜蘭縣,60,58,2,0,0,0,0,0
"106年 6月",高雄市,240,224,15,1,0,0,0,0.42
"106年 6月",臺南市,120,112,8,0,0,0,0,0
"106年 6月",臺中市,150,126,22,2,0,0,0,1.33
"106年 6月",桃園市,120,87,33,0,0,0,0,0
"106年 6月",臺北市,146,97,44,5,0,0,0,3.42
"106年 6月",新北市,270,172,91,7,0,0,0,2.59
"106年 6月",總計,1795,1444,334,16,1,0,0,0.95
"106年 5月",連江縣,31,6,18,5,2,0,0,22.58
"106年 5月",金門縣,31,1,20,9,1,0,0,32.26
"106年 5月",嘉義市,31,5,18,8,0,0,0,25.81
"106年 5月",新竹市,31,15,15,0,1,0,0,3.23
"106年 5月",基隆市,31,15,16,0,0,0,0,0
"106年 5月",澎湖縣,31,11,18,2,0,0,0,6.45
"106年 5月",花蓮縣,31,21,10,0,0,0,0,0
"106年 5月",臺東縣,31,31,0,0,0,0,0,0
"106年 5月",屏東縣,93,38,42,11,2,0,0,13.98
"106年 5月",嘉義縣,62,13,34,13,2,0,0,24.19
"106年 5月",雲林縣,62,10,31,21,0,0,0,33.87
"106年 5月",南投縣,62,10,42,10,0,0,0,16.13
"106年 5月",彰化縣,62,14,36,12,0,0,0,19.35
"106年 5月",苗栗縣,62,21,40,1,0,0,0,1.61
"106年 5月",新竹縣,62,16,43,2,1,0,0,4.84
"106年 5月",宜蘭縣,62,52,10,0,0,0,0,0
"106年 5月",高雄市,248,67,123,50,8,0,0,23.39
"106年 5月",臺南市,124,35,66,23,0,0,0,18.55
"106年 5月",臺中市,155,32,93,29,1,0,0,19.35
"106年 5月",桃園市,124,39,78,4,3,0,0,5.65
"106年 5月",臺北市,155,73,78,4,0,0,0,2.58
"106年 5月",新北市,279,96,170,13,0,0,0,4.66
"106年 5月",總計,1860,621,1001,217,21,0,0,12.8
"106年 4月",連江縣,30,2,16,9,3,0,0,40
"106年 4月",金門縣,30,0,14,10,6,0,0,53.33
"106年 4月",嘉義市,30,4,10,13,3,0,0,53.33
"106年 4月",新竹市,30,6,20,3,1,0,0,13.33
"106年 4月",基隆市,30,0,26,4,0,0,0,13.33
"106年 4月",澎湖縣,30,9,13,8,0,0,0,26.67
"106年 4月",花蓮縣,30,8,20,2,0,0,0,6.67
"106年 4月",臺東縣,30,26,4,0,0,0,0,0
"106年 4月",屏東縣,90,31,37,14,5,3,0,24.44
"106年 4月",嘉義縣,60,11,19,19,11,0,0,50
"106年 4月",雲林縣,60,6,21,20,13,0,0,55
"106年 4月",南投縣,60,6,25,23,6,0,0,48.33
"106年 4月",彰化縣,60,9,27,20,4,0,0,40
"106年 4月",苗栗縣,60,13,32,15,0,0,0,25
"106年 4月",新竹縣,60,8,40,11,1,0,0,20
"106年 4月",宜蘭縣,60,11,47,2,0,0,0,3.33
"106年 4月",高雄市,240,49,111,60,18,2,0,33.33
"106年 4月",臺南市,120,20,50,38,12,0,0,41.67
"106年 4月",臺中市,150,18,73,52,7,0,0,39.33
"106年 4月",桃園市,120,18,69,29,4,0,0,27.5
"106年 4月",臺北市,150,14,116,16,4,0,0,13.33
"106年 4月",新北市,270,9,196,57,8,0,0,24.07
"106年 4月",總計,1800,278,986,425,106,5,0,29.78
"106年 3月",連江縣,31,2,18,10,1,0,0,35.48
"106年 3月",金門縣,31,1,16,9,5,0,0,45.16
"106年 3月",嘉義市,31,0,8,21,2,0,0,74.19
"106年 3月",新竹市,31,9,18,4,0,0,0,12.9
"106年 3月",基隆市,31,10,17,4,0,0,0,12.9
"106年 3月",澎湖縣,31,7,22,2,0,0,0,6.45
"106年 3月",花蓮縣,31,15,15,1,0,0,0,3.23
"106年 3月",臺東縣,31,25,6,0,0,0,0,0
"106年 3月",屏東縣,93,7,40,36,10,0,0,49.46
"106年 3月",嘉義縣,62,0,28,31,3,0,0,54.84
"106年 3月",雲林縣,62,0,21,36,5,0,0,66.13
"106年 3月",南投縣,62,0,17,40,5,0,0,72.58
"106年 3月",彰化縣,62,4,39,19,0,0,0,30.65
"106年 3月",苗栗縣,62,10,45,7,0,0,0,11.29
"106年 3月",新竹縣,62,10,44,7,1,0,0,12.9
"106年 3月",宜蘭縣,62,27,33,2,0,0,0,3.23
"106年 3月",高雄市,248,1,90,128,29,0,0,63.31
"106年 3月",臺南市,124,1,45,72,6,0,0,62.9
"106年 3月",臺中市,154,18,92,42,2,0,0,28.57
"106年 3月",桃園市,124,36,71,14,3,0,0,13.71
"106年 3月",臺北市,155,49,96,10,0,0,0,6.45
"106年 3月",新北市,279,81,153,45,0,0,0,16.13
"106年 3月",總計,1859,313,934,540,72,0,0,32.92
"106年 2月",連江縣,28,4,16,6,2,0,0,28.57
"106年 2月",金門縣,28,1,16,8,3,0,0,39.29
"106年 2月",嘉義市,28,0,9,15,4,0,0,67.86
"106年 2月",新竹市,28,5,19,4,0,0,0,14.29
"106年 2月",基隆市,28,12,14,2,0,0,0,7.14
"106年 2月",澎湖縣,28,6,21,1,0,0,0,3.57
"106年 2月",花蓮縣,28,19,9,0,0,0,0,0
"106年 2月",臺東縣,28,21,7,0,0,0,0,0
"106年 2月",屏東縣,84,16,25,31,12,0,0,51.19
"106年 2月",嘉義縣,56,7,28,18,3,0,0,37.5
"106年 2月",雲林縣,56,3,23,21,9,0,0,53.57
"106年 2月",南投縣,56,3,21,28,4,0,0,57.14
"106年 2月",彰化縣,56,14,30,12,0,0,0,21.43
"106年 2月",苗栗縣,56,17,34,5,0,0,0,8.93
"106年 2月",新竹縣,56,14,35,7,0,0,0,12.5
"106年 2月",宜蘭縣,56,35,19,2,0,0,0,3.57
"106年 2月",高雄市,224,7,87,99,31,0,0,58.04
"106年 2月",臺南市,112,1,52,49,10,0,0,52.68
"106年 2月",臺中市,140,34,78,28,0,0,0,20
"106年 2月",桃園市,112,39,57,16,0,0,0,14.29
"106年 2月",臺北市,140,56,74,10,0,0,0,7.14
"106年 2月",新北市,252,106,124,22,0,0,0,8.73
"106年 2月",總計,1680,420,798,384,78,0,0,27.5
"106年 1月",連江縣,31,5,20,5,1,0,0,19.35
"106年 1月",金門縣,31,0,15,13,3,0,0,51.61
"106年 1月",嘉義市,31,0,13,13,5,0,0,58.06
"106年 1月",新竹市,31,9,19,3,0,0,0,9.68
"106年 1月",基隆市,31,18,13,0,0,0,0,0
"106年 1月",澎湖縣,31,10,20,1,0,0,0,3.23
"106年 1月",花蓮縣,31,23,8,0,0,0,0,0
"106年 1月",臺東縣,31,28,3,0,0,0,0,0
"106年 1月",屏東縣,92,25,16,40,11,0,0,55.43
"106年 1月",嘉義縣,62,3,42,17,0,0,0,27.42
"106年 1月",雲林縣,62,1,34,23,4,0,0,43.55
"106年 1月",南投縣,62,1,32,24,5,0,0,46.77
"106年 1月",彰化縣,62,11,44,6,1,0,0,11.29
"106年 1月",苗栗縣,62,19,39,4,0,0,0,6.45
"106年 1月",新竹縣,62,22,37,3,0,0,0,4.84
"106年 1月",宜蘭縣,62,44,18,0,0,0,0,0
"106年 1月",高雄市,248,4,75,145,24,0,0,68.15
"106年 1月",臺南市,124,0,62,55,7,0,0,50
"106年 1月",臺中市,155,36,98,19,2,0,0,13.55
"106年 1月",桃園市,124,57,60,6,1,0,0,5.65
"106年 1月",臺北市,155,76,74,5,0,0,0,3.23
"106年 1月",新北市,279,130,130,19,0,0,0,6.81
"106年 1月",總計,1859,522,872,401,64,0,0,25.01
106年,連江縣,363,97,183,67,15,1,0,22.87
106年,金門縣,365,81,174,82,28,0,0,30.14
106年,嘉義市,365,84,153,109,19,0,0,35.07
106年,新竹市,365,190,145,28,2,0,0,8.22
106年,基隆市,365,185,162,16,2,0,0,4.93
106年,澎湖縣,364,186,159,19,0,0,0,5.22
106年,花蓮縣,365,274,86,5,0,0,0,1.37
106年,臺東縣,365,331,33,1,0,0,0,0.27
106年,屏東縣,1093,464,304,256,65,4,0,29.73
106年,嘉義縣,730,199,338,170,23,0,0,26.44
106年,雲林縣,729,160,332,196,41,0,0,32.51
106年,南投縣,730,160,332,193,45,0,0,32.6
106年,彰化縣,730,250,359,111,10,0,0,16.58
106年,苗栗縣,730,288,376,63,3,0,0,9.04
106年,新竹縣,729,293,372,60,4,0,0,8.78
106年,宜蘭縣,728,505,211,11,1,0,0,1.65
106年,高雄市,2920,743,1135,849,191,2,0,35.68
106年,臺南市,1458,393,651,367,47,0,0,28.4
106年,臺中市,1824,691,823,270,40,0,0,17
106年,桃園市,1456,701,613,118,22,2,0,9.75
106年,臺北市,1817,888,830,85,13,1,0,5.45
106年,新北市,3285,1527,1460,258,39,1,0,9.07
106年,總計,21876,8690,9231,3334,610,11,0,18.08
